[
    {
        "service": "212",
        "name": "\u2705Seguidores do Instagram | Reposi\u00e7\u00e3o 90 dias | Baixa Queda\u2705",
        "type": "Default",
        "rate": "2.59",
        "min": "10",
        "max": "900000",
        "dripfeed": false,
        "refill": true,
        "cancel": true,
        "category": "\u2705Novos Servi\u00e7os Atualizados Recentemente | Mais Vendidos |\u2705"
    },
    {
        "service": "245",
        "name": "\ud83d\uded1Novo Servi\u00e7o | R\u00e1pido Hoje | Alta Qualidade | 365D \ud83d\uded1",
        "type": "Default",
        "rate": "2.99",
        "min": "50",
        "max": "900000",
        "dripfeed": false,
        "refill": true,
        "cancel": true,
        "category": "\u2705Novos Servi\u00e7os Atualizados Recentemente | Mais Vendidos |\u2705"
    },
    {
        "service": "242",
        "name": "\u2705Seguidores com Reposi\u00e7\u00e3o Autom\u00e1tica | 365D |\u2705",
        "type": "Default",
        "rate": "2.99",
        "min": "10",
        "max": "900000",
        "dripfeed": false,
        "refill": true,
        "cancel": true,
        "category": "\u2705Novos Servi\u00e7os Atualizados Recentemente | Mais Vendidos |\u2705"
    },
    {
        "service": "207",
        "name": "\u2705Reels R\u00e1pido\u2705",
        "type": "Default",
        "rate": "0.18",
        "min": "100",
        "max": "10000000",
        "dripfeed": false,
        "refill": false,
        "cancel": false,
        "category": "\u2705Novos Servi\u00e7os Atualizados Recentemente | Mais Vendidos |\u2705"
    },
    {
        "service": "236",
        "name": "\u2705Seguidores do Instagram | Mega r\u00e1pidos | Hoje |\u2705",
        "type": "Default",
        "rate": "2.99",
        "min": "10",
        "max": "500000",
        "dripfeed": false,
        "refill": true,
        "cancel": true,
        "category": "\u2705Novos Servi\u00e7os Atualizados Recentemente | Mais Vendidos |\u2705"
    },
    {
        "service": "238",
        "name": "\ud83d\uded1Seguidores do Instagram | QG | VITAL\u00cdCIO | Velocidade: 50K \/ dia |\u26d4",
        "type": "Default",
        "rate": "3.99",
        "min": "10",
        "max": "5000000",
        "dripfeed": false,
        "refill": true,
        "cancel": true,
        "category": "\u2705Novos Servi\u00e7os Atualizados Recentemente | Mais Vendidos |\u2705"
    },
    {
        "service": "237",
        "name": "\u2705Seguidores do Instagram | Mega r\u00e1pidos | 365 DIAS DE REPOSI\u00c7\u00c3O |\u2705",
        "type": "Default",
        "rate": "3.39",
        "min": "10",
        "max": "500000",
        "dripfeed": false,
        "refill": true,
        "cancel": true,
        "category": "\u2705Novos Servi\u00e7os Atualizados Recentemente | Mais Vendidos |\u2705"
    },
    {
        "service": "243",
        "name": "\ud83d\uded1 Seguidores para nova Rede Social | T\u00f3picos |\u26d4",
        "type": "Default",
        "rate": "3.99",
        "min": "100",
        "max": "10000",
        "dripfeed": false,
        "refill": false,
        "cancel": false,
        "category": "\u2705Novos Servi\u00e7os Atualizados Recentemente | Mais Vendidos |\u2705"
    },
    {
        "service": "244",
        "name": "\ud83d\uded1 Curtidas para nova Rede Social | T\u00f3picos |\u26d4",
        "type": "Default",
        "rate": "3.99",
        "min": "10",
        "max": "5000",
        "dripfeed": false,
        "refill": false,
        "cancel": false,
        "category": "\u2705Novos Servi\u00e7os Atualizados Recentemente | Mais Vendidos |\u2705"
    },
    {
        "service": "235",
        "name": "\u2705Seguidores do Instagram | R\u00e1pido | Para agilizar |\u2705",
        "type": "Default",
        "rate": "2.79",
        "min": "20",
        "max": "300000",
        "dripfeed": false,
        "refill": true,
        "cancel": true,
        "category": "\u2705Novos Servi\u00e7os Atualizados Recentemente | Mais Vendidos |\u2705"
    },
    {
        "service": "232",
        "name": "\ud83d\udd25 Seguidores do TikTok | R\u00e1pidos | BARATO\ud83d\udd25",
        "type": "Default",
        "rate": "5.99",
        "min": "10",
        "max": "50000",
        "dripfeed": false,
        "refill": false,
        "cancel": false,
        "category": "\u2705Novos Servi\u00e7os Atualizados Recentemente | Mais Vendidos |\u2705"
    },
    {
        "service": "213",
        "name": "\u2705Seguidores do Instagram | R\u00e1pido Hoje | Pouca Queda |\u2705",
        "type": "Default",
        "rate": "1.99",
        "min": "10",
        "max": "100000",
        "dripfeed": false,
        "refill": true,
        "cancel": true,
        "category": "\u2705Novos Servi\u00e7os Atualizados Recentemente | Mais Vendidos |\u2705"
    },
    {
        "service": "215",
        "name": "\ud83d\udc4dCurtidas de Alta Qualidade no Reels e Fotos Barato | Reposi\u00e7\u00e3o |\ud83d\udc4d",
        "type": "Default",
        "rate": "0.39",
        "min": "10",
        "max": "300000",
        "dripfeed": false,
        "refill": true,
        "cancel": true,
        "category": "\u2705Novos Servi\u00e7os Atualizados Recentemente | Mais Vendidos |\u2705"
    },
    {
        "service": "216",
        "name": "\ud83d\uded1Coment\u00e1rios no Instagram Personalizados |Novo| Barato | \u26d4",
        "type": "Custom Comments",
        "rate": "3.99",
        "min": "10",
        "max": "50000",
        "dripfeed": false,
        "refill": false,
        "cancel": false,
        "category": "\u2705Novos Servi\u00e7os Atualizados Recentemente | Mais Vendidos |\u2705"
    },
    {
        "service": "217",
        "name": "\ud83d\udca5Visualiza\u00e7\u00f5es de stores no Instagram | Todas os stores GARANTIDO |",
        "type": "Default",
        "rate": "0.99",
        "min": "10",
        "max": "15000",
        "dripfeed": false,
        "refill": false,
        "cancel": false,
        "category": "\u2705Novos Servi\u00e7os Atualizados Recentemente | Mais Vendidos |\u2705"
    },
    {
        "service": "218",
        "name": "\ud83c\udf10Visualiza\u00e7\u00f5es de Video TikTok | Instant\u00e2neo | Barato |\ud83c\udf10",
        "type": "Default",
        "rate": "0.10",
        "min": "100",
        "max": "10000000",
        "dripfeed": false,
        "refill": false,
        "cancel": false,
        "category": "\u2705Novos Servi\u00e7os Atualizados Recentemente | Mais Vendidos |\u2705"
    },
    {
        "service": "219",
        "name": "\ud83d\udd25 Seguidores do TikTok | R\u00e1pidos | 2K por Dia\ud83d\udd25",
        "type": "Default",
        "rate": "8.99",
        "min": "10",
        "max": "20000",
        "dripfeed": false,
        "refill": false,
        "cancel": false,
        "category": "\u2705Novos Servi\u00e7os Atualizados Recentemente | Mais Vendidos |\u2705"
    },
    {
        "service": "220",
        "name": "\ud83d\uded1 TIKTOK | Curtidas | Barato |\u26d4",
        "type": "Default",
        "rate": "0.79",
        "min": "10",
        "max": "50000",
        "dripfeed": false,
        "refill": false,
        "cancel": false,
        "category": "\u2705Novos Servi\u00e7os Atualizados Recentemente | Mais Vendidos |\u2705"
    },
    {
        "service": "221",
        "name": "\ud83d\uded1Visualiza\u00e7\u00f5es do Youtube Super R\u00e1pido \u26d4",
        "type": "Default",
        "rate": "9.99",
        "min": "100",
        "max": "10000000",
        "dripfeed": false,
        "refill": false,
        "cancel": false,
        "category": "\u2705Novos Servi\u00e7os Atualizados Recentemente | Mais Vendidos |\u2705"
    },
    {
        "service": "222",
        "name": "\ud83d\udd25 YouTube Curtidas | Barato |",
        "type": "Default",
        "rate": "0.99",
        "min": "10",
        "max": "2000",
        "dripfeed": false,
        "refill": false,
        "cancel": false,
        "category": "\u2705Novos Servi\u00e7os Atualizados Recentemente | Mais Vendidos |\u2705"
    },
    {
        "service": "223",
        "name": "\u2705Curtidas no Instagram | Mega R\u00e1pidas |\u2705",
        "type": "Default",
        "rate": "0.29",
        "min": "10",
        "max": "20000",
        "dripfeed": false,
        "refill": false,
        "cancel": true,
        "category": "\u2705Novos Servi\u00e7os Atualizados Recentemente | Mais Vendidos |\u2705"
    },
    {
        "service": "224",
        "name": "\u2705Membros do canal ou grupo p\u00fablico do Telegram | Barato |\u2705",
        "type": "Default",
        "rate": "4.56",
        "min": "100",
        "max": "50000",
        "dripfeed": false,
        "refill": false,
        "cancel": false,
        "category": "\u2705Novos Servi\u00e7os Atualizados Recentemente | Mais Vendidos |\u2705"
    },
    {
        "service": "225",
        "name": "\u2705Seguidores do Twitch | Novo | Barato |",
        "type": "Default",
        "rate": "1.29",
        "min": "50",
        "max": "5000",
        "dripfeed": false,
        "refill": false,
        "cancel": false,
        "category": "\u2705Novos Servi\u00e7os Atualizados Recentemente | Mais Vendidos |\u2705"
    },
    {
        "service": "226",
        "name": "\ud83d\udd25 - Visualiza\u00e7\u00f5es no Youtube [Barato]\u26a1\ufe0f",
        "type": "Default",
        "rate": "6.99",
        "min": "100",
        "max": "10000000",
        "dripfeed": false,
        "refill": false,
        "cancel": false,
        "category": "\u2705Novos Servi\u00e7os Atualizados Recentemente | Mais Vendidos |\u2705"
    },
    {
        "service": "227",
        "name": "\ud83d\udc9aCurtidas no Instagram com Reposi\u00e7\u00e3o | Instant\u00e2neo | Para agilizar\ud83d\udc9a",
        "type": "Default",
        "rate": "0.50",
        "min": "10",
        "max": "300000",
        "dripfeed": false,
        "refill": true,
        "cancel": true,
        "category": "\u2705Novos Servi\u00e7os Atualizados Recentemente | Mais Vendidos |\u2705"
    },
    {
        "service": "228",
        "name": "\u2705Visualiza\u00e7\u00f5es de videos reels fecebook\u2705",
        "type": "Default",
        "rate": "1.35",
        "min": "500",
        "max": "10000000",
        "dripfeed": false,
        "refill": false,
        "cancel": false,
        "category": "\u2705Novos Servi\u00e7os Atualizados Recentemente | Mais Vendidos |\u2705"
    },
    {
        "service": "229",
        "name": "\u2705Visualiza\u00e7\u00f5es em videos do fecebook\u2705",
        "type": "Default",
        "rate": "1.29",
        "min": "500",
        "max": "10000000",
        "dripfeed": false,
        "refill": false,
        "cancel": false,
        "category": "\u2705Novos Servi\u00e7os Atualizados Recentemente | Mais Vendidos |\u2705"
    },
    {
        "service": "210",
        "name": "\ud83d\udd25Instagram Seguidores [R\u00e1pido Hoje Dia 24] PARA AGILIZAR\ud83d\udd25",
        "type": "Default",
        "rate": "2.19",
        "min": "10",
        "max": "500000",
        "dripfeed": false,
        "refill": true,
        "cancel": true,
        "category": "\u2705Novos Servi\u00e7os | Mais Vendidos |\u2705"
    },
    {
        "service": "211",
        "name": "\u2705Seguidores do Instagram | R\u00e1pido Hoje | Pouca Queda |\u2705",
        "type": "Default",
        "rate": "1.99",
        "min": "10",
        "max": "100000",
        "dripfeed": false,
        "refill": true,
        "cancel": true,
        "category": "\u2705Novos Servi\u00e7os | Mais Vendidos |\u2705"
    },
    {
        "service": "208",
        "name": "\u2705Seguidores do Instagram | Mega r\u00e1pidos | Hoje |\u2705",
        "type": "Default",
        "rate": "1.99",
        "min": "20",
        "max": "100000",
        "dripfeed": false,
        "refill": true,
        "cancel": true,
        "category": "\u2705Novos Servi\u00e7os | Mais Vendidos |\u2705"
    },
    {
        "service": "194",
        "name": "\u2705NOVO: Seguidores com Reposi\u00e7\u00e3o Autom\u00e1tica | 365 D + Bot\u00e3o |\u2705",
        "type": "Default",
        "rate": "2.39",
        "min": "10",
        "max": "600000",
        "dripfeed": false,
        "refill": true,
        "cancel": true,
        "category": "\u2705Novos Servi\u00e7os | Mais Vendidos |\u2705"
    },
    {
        "service": "214",
        "name": "\u2705NOVO: Seguidores com Reposi\u00e7\u00e3o Autom\u00e1tica | 365 D + Bot\u00e3o |\u2705",
        "type": "Default",
        "rate": "2.39",
        "min": "10",
        "max": "600000",
        "dripfeed": false,
        "refill": true,
        "cancel": true,
        "category": "\u2705Novos Servi\u00e7os | Mais Vendidos |\u2705"
    },
    {
        "service": "161",
        "name": "\u2705Seguidores com Reposi\u00e7\u00e3o Autom\u00e1tica + Bot\u00e3o | Sem Queda |\u2705",
        "type": "Default",
        "rate": "2.39",
        "min": "10",
        "max": "150000",
        "dripfeed": false,
        "refill": true,
        "cancel": true,
        "category": "\u2705Novos Servi\u00e7os | Mais Vendidos |\u2705"
    },
    {
        "service": "160",
        "name": "\u26a1\ufe0fSeguidores do Instagram | Bot e Real | MAX 500K R\u00e1pido | Menos queda |\u26a1\ufe0f",
        "type": "Default",
        "rate": "1.99",
        "min": "10",
        "max": "500000",
        "dripfeed": false,
        "refill": true,
        "cancel": true,
        "category": "\u2705Novos Servi\u00e7os | Mais Vendidos |\u2705"
    },
    {
        "service": "163",
        "name": "\u26a1\ufe0fSeguidores do Instagram | 50K | O + R\u00e1pido | HOJE |\u26a1\ufe0f",
        "type": "Default",
        "rate": "1.49",
        "min": "10",
        "max": "300000",
        "dripfeed": false,
        "refill": true,
        "cancel": true,
        "category": "\u2705Novos Servi\u00e7os | Mais Vendidos |\u2705"
    },
    {
        "service": "107",
        "name": "\u2705Nova Visualiza\u00e7\u00e3o Reels ou IGTV | Barato e R\u00e1pido |\u2705",
        "type": "Default",
        "rate": "0.10",
        "min": "100",
        "max": "10000000",
        "dripfeed": false,
        "refill": false,
        "cancel": true,
        "category": "\u2705Novos Servi\u00e7os | Mais Vendidos |\u2705"
    },
    {
        "service": "6",
        "name": "\ud83d\udd25Instagram Curtidas [Barato]\ud83d\udc9a",
        "type": "Default",
        "rate": "0.31",
        "min": "10",
        "max": "100000",
        "dripfeed": false,
        "refill": false,
        "cancel": true,
        "category": "\u2705Novos Servi\u00e7os | Mais Vendidos |\u2705"
    },
    {
        "service": "119",
        "name": "\ud83d\uded1Coment\u00e1rios no Instagram Personalizados |Novo| \u26d4",
        "type": "Custom Comments",
        "rate": "4.56",
        "min": "10",
        "max": "50000",
        "dripfeed": false,
        "refill": false,
        "cancel": false,
        "category": "\u2705Novos Servi\u00e7os | Mais Vendidos |\u2705"
    },
    {
        "service": "139",
        "name": "\ud83d\uded1Visualiza\u00e7\u00f5es do Youtube Super R\u00e1pido |Barato! \u26d4",
        "type": "Default",
        "rate": "9.99",
        "min": "100",
        "max": "1000000",
        "dripfeed": false,
        "refill": false,
        "cancel": false,
        "category": "\u2705Novos Servi\u00e7os | Mais Vendidos |\u2705"
    },
    {
        "service": "164",
        "name": "\u2705SEGUIDORES DO INSTAGRAM, ALTA QUALIDADE | 0 QUEDA |\u2705",
        "type": "Default",
        "rate": "2.39",
        "min": "10",
        "max": "150000",
        "dripfeed": false,
        "refill": true,
        "cancel": true,
        "category": "\u2705Novos Servi\u00e7os | Mais Vendidos |\u2705"
    },
    {
        "service": "117",
        "name": "\u2705Nova Visualiza\u00e7\u00e3o Reels ou IGTV | Barato e R\u00e1pido | Gotejamento |\u2705",
        "type": "Default",
        "rate": "0.22",
        "min": "100",
        "max": "10000000",
        "dripfeed": false,
        "refill": false,
        "cancel": false,
        "category": "\u2705Novos Servi\u00e7os | Mais Vendidos |\u2705"
    },
    {
        "service": "137",
        "name": "\ud83d\udca5Visualiza\u00e7\u00f5es de Stores no Instagram | Todas os StoresGARANTIDO |",
        "type": "Default",
        "rate": "0.99",
        "min": "10",
        "max": "15000",
        "dripfeed": false,
        "refill": false,
        "cancel": false,
        "category": "\u2705Novos Servi\u00e7os | Mais Vendidos |\u2705"
    },
    {
        "service": "106",
        "name": "\u2705Nova Curtidas no Reels ou Fotos Barato e R\u00e1pido | 300K |\u2705",
        "type": "Default",
        "rate": "0.19",
        "min": "10",
        "max": "100000",
        "dripfeed": false,
        "refill": false,
        "cancel": true,
        "category": "\u2705Novos Servi\u00e7os | Mais Vendidos |\u2705"
    },
    {
        "service": "165",
        "name": "\u2705Seguidores do Twitch barato\u2705",
        "type": "Default",
        "rate": "1.99",
        "min": "100",
        "max": "200000",
        "dripfeed": false,
        "refill": true,
        "cancel": false,
        "category": "\u2705Novos Servi\u00e7os | Mais Vendidos |\u2705"
    },
    {
        "service": "166",
        "name": "\ud83d\udd25 Seguidores do TikTok | R\u00e1pidos | 500 a 2000 por Dia\ud83d\udd25",
        "type": "Default",
        "rate": "14.99",
        "min": "20",
        "max": "1000",
        "dripfeed": false,
        "refill": false,
        "cancel": false,
        "category": "\u2705Novos Servi\u00e7os | Mais Vendidos |\u2705"
    },
    {
        "service": "118",
        "name": "\ud83d\uded1 TIKTOK | Curtidas | Barato |\u26d4",
        "type": "Default",
        "rate": "1.99",
        "min": "10",
        "max": "100000",
        "dripfeed": false,
        "refill": false,
        "cancel": false,
        "category": "\u2705Novos Servi\u00e7os | Mais Vendidos |\u2705"
    },
    {
        "service": "33",
        "name": "\ud83d\udc4dCurtidas no reels Instagram\ud83d\udc4d Barato",
        "type": "Default",
        "rate": "0.29",
        "min": "10",
        "max": "50000",
        "dripfeed": false,
        "refill": false,
        "cancel": true,
        "category": "\u2705Novos Servi\u00e7os | Mais Vendidos |\u2705"
    },
    {
        "service": "27",
        "name": "\u2705Salves no Instagram \u2705",
        "type": "Default",
        "rate": "0.12",
        "min": "250",
        "max": "5000",
        "dripfeed": false,
        "refill": false,
        "cancel": false,
        "category": "\u2705Novos Servi\u00e7os | Mais Vendidos |\u2705"
    },
    {
        "service": "7",
        "name": "\u2705Impress\u00f5es no instagram\u2705",
        "type": "Default",
        "rate": "0.39",
        "min": "10",
        "max": "300000",
        "dripfeed": false,
        "refill": false,
        "cancel": false,
        "category": "\u2705Novos Servi\u00e7os | Mais Vendidos |\u2705"
    },
    {
        "service": "169",
        "name": "\ud83d\udd25Seguidores do Instagram | Mega R\u00e1pidos | 100K\ud83d\udd25",
        "type": "Default",
        "rate": "2.19",
        "min": "10",
        "max": "100000",
        "dripfeed": false,
        "refill": true,
        "cancel": true,
        "category": "\ud83d\udc49\u2705Seguidores Do Instagram CHEGA R\u00c1PIDO Testado Por Mim\u2705\ud83d\udc48"
    },
    {
        "service": "170",
        "name": "\ud83d\udd25Instagram Seguidores [Mega R\u00e1pidos]\ud83d\udd25",
        "type": "Default",
        "rate": "1.79",
        "min": "10",
        "max": "100000",
        "dripfeed": false,
        "refill": true,
        "cancel": true,
        "category": "\ud83d\udc49\u2705Seguidores Do Instagram CHEGA R\u00c1PIDO Testado Por Mim\u2705\ud83d\udc48"
    },
    {
        "service": "162",
        "name": "\u2705Seguidores do Instagram | R\u00e1pido Hoje | Pouca Queda |\u2705",
        "type": "Default",
        "rate": "1.99",
        "min": "10",
        "max": "100000",
        "dripfeed": false,
        "refill": true,
        "cancel": true,
        "category": "\ud83d\udc49\u2705Seguidores Do Instagram CHEGA R\u00c1PIDO Testado Por Mim\u2705\ud83d\udc48"
    },
    {
        "service": "175",
        "name": "11 - \ud83d\udd25Instagram Seguidores [Barato]",
        "type": "Default",
        "rate": "1.50",
        "min": "10",
        "max": "100000",
        "dripfeed": false,
        "refill": true,
        "cancel": true,
        "category": "\ud83d\udc49\u2705Seguidores Do Instagram CHEGA R\u00c1PIDO Testado Por Mim\u2705\ud83d\udc48"
    },
    {
        "service": "173",
        "name": "\ud83d\udc4dCurtidas de Alta Qualidade no Reels e Fotos Barato | Reposi\u00e7\u00e3o |\ud83d\udc4d",
        "type": "Default",
        "rate": "0.39",
        "min": "10",
        "max": "25000",
        "dripfeed": false,
        "refill": true,
        "cancel": true,
        "category": "\ud83d\udc49\u2705Seguidores Do Instagram CHEGA R\u00c1PIDO Testado Por Mim\u2705\ud83d\udc48"
    },
    {
        "service": "121",
        "name": "\u2705Nova Curtidas no Reels ou Fotos Barato e R\u00e1pido | 200K |\u2705",
        "type": "Default",
        "rate": "0.11",
        "min": "10",
        "max": "2000",
        "dripfeed": false,
        "refill": false,
        "cancel": true,
        "category": "\ud83d\udc49\u2705Seguidores Do Instagram CHEGA R\u00c1PIDO Testado Por Mim\u2705\ud83d\udc48"
    },
    {
        "service": "105",
        "name": "\ud83d\udca5Nova Visualiza\u00e7\u00f5es no Reels + IGTV Super R\u00e1pido | Barato |\ud83d\udca5",
        "type": "Default",
        "rate": "2.99",
        "min": "100",
        "max": "10000000",
        "dripfeed": false,
        "refill": false,
        "cancel": false,
        "category": "\ud83d\udc49\u2705Seguidores Do Instagram CHEGA R\u00c1PIDO Testado Por Mim\u2705\ud83d\udc48"
    },
    {
        "service": "171",
        "name": "\ud83d\udca5Seguidores do Instagram | Barato | HQ | Menos Queda R60 \u26d4 \u26a1\ufe0f",
        "type": "Default",
        "rate": "2.19",
        "min": "10",
        "max": "100000",
        "dripfeed": false,
        "refill": true,
        "cancel": true,
        "category": "\ud83d\udc49\u2705Seguidores Do Instagram CHEGA R\u00c1PIDO Testado Por Mim\u2705\ud83d\udc48"
    },
    {
        "service": "1",
        "name": "\u2705Seguidores do Instagram | Mega r\u00e1pidos | Reposi\u00e7\u00e3o |\u2705",
        "type": "Default",
        "rate": "4.99",
        "min": "50",
        "max": "250000",
        "dripfeed": false,
        "refill": true,
        "cancel": true,
        "category": "\ud83d\udc49\u2705Seguidores Do Instagram CHEGA R\u00c1PIDO Testado Por Mim\u2705\ud83d\udc48"
    },
    {
        "service": "34",
        "name": "\ud83d\udca5Visualiza\u00e7\u00f5es no Reels do Instagram [M\u00e1x: 100K] [Velocidade: MEGA R\u00c1PIDO] \ud83d\udca7",
        "type": "Default",
        "rate": "0.55",
        "min": "100",
        "max": "10000000",
        "dripfeed": false,
        "refill": false,
        "cancel": false,
        "category": "\ud83d\udc49\u2705Seguidores Do Instagram CHEGA R\u00c1PIDO Testado Por Mim\u2705\ud83d\udc48"
    },
    {
        "service": "35",
        "name": "\ud83d\udca5Visualiza\u00e7\u00f5es no Reels do Instagram [M\u00e1x: 100K] [Velocidade: M\u00c9DIO] \ud83d\udca7",
        "type": "Default",
        "rate": "0.35",
        "min": "100",
        "max": "10000000",
        "dripfeed": false,
        "refill": false,
        "cancel": false,
        "category": "\ud83d\udc49\u2705Seguidores Do Instagram CHEGA R\u00c1PIDO Testado Por Mim\u2705\ud83d\udc48"
    },
    {
        "service": "36",
        "name": "\ud83d\udca5Visualiza\u00e7\u00f5es no Reels do Instagram [M\u00e1x: 100K] [Velocidade: LENTA] \ud83d\udca7",
        "type": "Default",
        "rate": "0.19",
        "min": "100",
        "max": "10000000",
        "dripfeed": false,
        "refill": false,
        "cancel": false,
        "category": "\ud83d\udc49\u2705Seguidores Do Instagram CHEGA R\u00c1PIDO Testado Por Mim\u2705\ud83d\udc48"
    },
    {
        "service": "177",
        "name": "\u26a1\ufe0fSeguidores do Instagram | 50K | O + R\u00e1pido | HOJE |\u26a1\ufe0f",
        "type": "Default",
        "rate": "1.49",
        "min": "10",
        "max": "200000",
        "dripfeed": false,
        "refill": true,
        "cancel": true,
        "category": "\u2705Novos Servi\u00e7os Para Novembro | Atualizados e R\u00e1pidos |\u2705"
    },
    {
        "service": "183",
        "name": "\ud83d\udd25Instagram Seguidores [Mega R\u00e1pidos]\ud83d\udd25",
        "type": "Default",
        "rate": "2.99",
        "min": "10",
        "max": "150000",
        "dripfeed": false,
        "refill": false,
        "cancel": false,
        "category": "\u2705Novos Servi\u00e7os Para Novembro | Atualizados e R\u00e1pidos |\u2705"
    },
    {
        "service": "195",
        "name": "\u2705SEGUIDORES DO INSTAGRAM, ALTA QUALIDADE | 0 QUEDA |\u2705",
        "type": "Default",
        "rate": "1.99",
        "min": "10",
        "max": "150000",
        "dripfeed": false,
        "refill": true,
        "cancel": true,
        "category": "\u2705Novos Servi\u00e7os Para Novembro | Atualizados e R\u00e1pidos |\u2705"
    },
    {
        "service": "192",
        "name": "\u2705SEGUIDORES DO INSTAGRAM",
        "type": "Default",
        "rate": "1.99",
        "min": "50000",
        "max": "150000",
        "dripfeed": false,
        "refill": true,
        "cancel": true,
        "category": "\u2705Novos Servi\u00e7os Para Novembro | Atualizados e R\u00e1pidos |\u2705"
    },
    {
        "service": "193",
        "name": "\u2705SEGUIDORES DO INSTAGRAM R",
        "type": "Default",
        "rate": "1.99",
        "min": "10",
        "max": "150000",
        "dripfeed": false,
        "refill": true,
        "cancel": true,
        "category": "\u2705Novos Servi\u00e7os Para Novembro | Atualizados e R\u00e1pidos |\u2705"
    },
    {
        "service": "179",
        "name": "\ud83d\udd25Seguidores do Instagram | Mega R\u00e1pidos | 100K\ud83d\udd25",
        "type": "Default",
        "rate": "2.19",
        "min": "10",
        "max": "100000",
        "dripfeed": false,
        "refill": true,
        "cancel": true,
        "category": "\u2705Novos Servi\u00e7os Para Novembro | Atualizados e R\u00e1pidos |\u2705"
    },
    {
        "service": "5",
        "name": "\ud83d\udca5Seguidores do Instagram | Barato | HQ | Menos Queda R60 \u26d4 \u26a1\ufe0f",
        "type": "Default",
        "rate": "2.29",
        "min": "10",
        "max": "500000",
        "dripfeed": false,
        "refill": true,
        "cancel": true,
        "category": "\u2705Novos Servi\u00e7os Para Novembro | Atualizados e R\u00e1pidos |\u2705"
    },
    {
        "service": "10",
        "name": "\ud83d\udca5Seguidores do Instagram 100% BR | Brasil | Instant\u00e2neo | R30 | MAX 100K \u267b\ufe0f SE VC USA API ATUALIZA COM NOVO ID | CASO N\u00c3O USE API N\u00c3O PRECISA ATUALIZAR |",
        "type": "Default",
        "rate": "21.99",
        "min": "50000",
        "max": "100000",
        "dripfeed": false,
        "refill": false,
        "cancel": false,
        "category": "\u2705Novos Servi\u00e7os Para Novembro | Atualizados e R\u00e1pidos |\u2705"
    },
    {
        "service": "172",
        "name": "\u2705SEGUIDORES DO INSTAGRAM, ALTA QUALIDADE | 0 QUEDA |\u2705",
        "type": "Default",
        "rate": "1.99",
        "min": "50000",
        "max": "150000",
        "dripfeed": false,
        "refill": false,
        "cancel": true,
        "category": "\u2705Novos Servi\u00e7os Para Novembro | Atualizados e R\u00e1pidos |\u2705"
    },
    {
        "service": "158",
        "name": "\u2705Seguidores do Instagram | R\u00e1pido Hoje | Pouca Queda |\u2705",
        "type": "Default",
        "rate": "1.99",
        "min": "50000",
        "max": "250000",
        "dripfeed": false,
        "refill": false,
        "cancel": true,
        "category": "\u2705Novos Servi\u00e7os Para Novembro | Atualizados e R\u00e1pidos |\u2705"
    },
    {
        "service": "127",
        "name": "\u2705SEGUIDORES DO INSTAGRAM, ALTA QUALIDADE | 0 QUEDA |\u2705",
        "type": "Default",
        "rate": "1.99",
        "min": "50000",
        "max": "500000",
        "dripfeed": false,
        "refill": true,
        "cancel": true,
        "category": "\u2705Novos Servi\u00e7os Para Novembro | Atualizados e R\u00e1pidos |\u2705"
    },
    {
        "service": "30",
        "name": "\u2705Seguidores com 30 dias de reposi\u00e7\u00e3o autom\u00e1tica | Barato | \u2705 SE VC USA API ATUALIZA COM NOVO ID | CASO N\u00c3O USE API N\u00c3O PRECISA ATUALIZAR |",
        "type": "Default",
        "rate": "1.99",
        "min": "50000",
        "max": "500000",
        "dripfeed": false,
        "refill": true,
        "cancel": true,
        "category": "\u2705Novos Servi\u00e7os Para Novembro | Atualizados e R\u00e1pidos |\u2705"
    },
    {
        "service": "152",
        "name": "\u2705SEGUIDORES DO INSTAGRAM, ALTA QUALIDADE | 0 QUEDA |\u2705 SE VC USA API ATUALIZA COM NOVO ID | CASO N\u00c3O USE API N\u00c3O PRECISA ATUALIZAR |",
        "type": "Default",
        "rate": "2.39",
        "min": "50000",
        "max": "100000",
        "dripfeed": false,
        "refill": false,
        "cancel": true,
        "category": "\u2705Novos Servi\u00e7os Para Novembro | Atualizados e R\u00e1pidos |\u2705"
    },
    {
        "service": "31",
        "name": "\ud83d\udd25Instagram Curtidas [Barato]\ud83d\udc9a",
        "type": "Default",
        "rate": "0.31",
        "min": "10",
        "max": "100000",
        "dripfeed": false,
        "refill": false,
        "cancel": true,
        "category": "\ud83d\udc4d\u2705Curtidas Instagram\u2705\ud83d\udc4d"
    },
    {
        "service": "20",
        "name": "\ud83d\udc4dCurtidas no reels Instagram\ud83d\udc4d",
        "type": "Default",
        "rate": "0.39",
        "min": "10",
        "max": "300000",
        "dripfeed": false,
        "refill": true,
        "cancel": true,
        "category": "\ud83d\udc4d\u2705Curtidas Instagram\u2705\ud83d\udc4d"
    },
    {
        "service": "143",
        "name": "\ud83d\uded1 TIKTOK Curtidas | Barato | R\u00e1pido |\u26d4",
        "type": "Default",
        "rate": "1.99",
        "min": "10",
        "max": "100000",
        "dripfeed": false,
        "refill": false,
        "cancel": false,
        "category": "\u2705Visualiza\u00e7\u00f5es E Likes No TikTok\u2705"
    },
    {
        "service": "12",
        "name": "\u2705Visualiza\u00e7\u00f5es de videos TikTok\u2705",
        "type": "Default",
        "rate": "0.10",
        "min": "100",
        "max": "10000000",
        "dripfeed": false,
        "refill": false,
        "cancel": false,
        "category": "\u2705Visualiza\u00e7\u00f5es E Likes No TikTok\u2705"
    },
    {
        "service": "26",
        "name": "\u2705Likes Tiktok\u2705",
        "type": "Default",
        "rate": "1.99",
        "min": "20",
        "max": "25000",
        "dripfeed": false,
        "refill": false,
        "cancel": false,
        "category": "\u2705Visualiza\u00e7\u00f5es E Likes No TikTok\u2705"
    },
    {
        "service": "29",
        "name": "\u2705Likes TikTok BR \u2705",
        "type": "Default",
        "rate": "5.56",
        "min": "10",
        "max": "50000",
        "dripfeed": false,
        "refill": false,
        "cancel": false,
        "category": "\u2705Visualiza\u00e7\u00f5es E Likes No TikTok\u2705"
    },
    {
        "service": "239",
        "name": "\ud83d\udd25 Seguidores do TikTok | R\u00e1pidos | BARATO\ud83d\udd25",
        "type": "Default",
        "rate": "6.99",
        "min": "10",
        "max": "50000",
        "dripfeed": false,
        "refill": false,
        "cancel": false,
        "category": "\u2705Seguidores TikTok\u2705"
    },
    {
        "service": "167",
        "name": "\ud83d\udd25 Seguidores do TikTok | R\u00e1pidos | 500 a 2000 por Dia\ud83d\udd25",
        "type": "Default",
        "rate": "9.99",
        "min": "20",
        "max": "1000",
        "dripfeed": false,
        "refill": false,
        "cancel": false,
        "category": "\u2705Seguidores TikTok\u2705"
    },
    {
        "service": "159",
        "name": "\ud83d\udd25 Seguidores do TikTok | Super R\u00e1pido |\ud83d\udd25",
        "type": "Default",
        "rate": "39.99",
        "min": "10",
        "max": "50000",
        "dripfeed": false,
        "refill": false,
        "cancel": false,
        "category": "\u2705Seguidores TikTok\u2705"
    },
    {
        "service": "32",
        "name": "\ud83d\udd25 Seguidores do TikTok | Perfis boa qualidade | MAX 100k",
        "type": "Default",
        "rate": "5.95",
        "min": "10",
        "max": "50000",
        "dripfeed": false,
        "refill": false,
        "cancel": false,
        "category": "\u2705Seguidores TikTok\u2705"
    },
    {
        "service": "240",
        "name": "\ud83d\udd25Instagram Seguidores 100% BR [R\u00e1pidos Hoje ]\ud83d\udd25",
        "type": "Default",
        "rate": "14.99",
        "min": "25",
        "max": "20000",
        "dripfeed": false,
        "refill": true,
        "cancel": true,
        "category": "\u2705Seguidores do Instagram Brasil \ud83c\udde7\ud83c\uddf7\u2705"
    },
    {
        "service": "180",
        "name": "\ud83d\udca5Seguidores do Instagram | Brasil | Real | HQ | MAX 5K",
        "type": "Default",
        "rate": "14.99",
        "min": "20",
        "max": "100000",
        "dripfeed": false,
        "refill": true,
        "cancel": false,
        "category": "\u2705Seguidores do Instagram Brasil \ud83c\udde7\ud83c\uddf7\u2705"
    },
    {
        "service": "181",
        "name": "\ud83d\udca5Seguidores do Instagram 100% BR | Brasil | Instant\u00e2neo | R30 | MAX 100K \u267b\ufe0f",
        "type": "Default",
        "rate": "21.99",
        "min": "20",
        "max": "100000",
        "dripfeed": false,
        "refill": true,
        "cancel": false,
        "category": "\u2705Seguidores do Instagram Brasil \ud83c\udde7\ud83c\uddf7\u2705"
    },
    {
        "service": "21",
        "name": "\u2705Membros para Telegram menos queda\u2705",
        "type": "Default",
        "rate": "4.56",
        "min": "500",
        "max": "60000",
        "dripfeed": false,
        "refill": false,
        "cancel": false,
        "category": "\u2705Servi\u00e7os Para Telegram\u2705"
    },
    {
        "service": "22",
        "name": "\ud83d\udca5Visualiza\u00e7\u00f5es de postagens no Telegram\ud83d\udca5",
        "type": "Default",
        "rate": "0.10",
        "min": "1000",
        "max": "10000000",
        "dripfeed": false,
        "refill": false,
        "cancel": false,
        "category": "\u2705Servi\u00e7os Para Telegram\u2705"
    },
    {
        "service": "23",
        "name": "\u2705Seguidores do Twitter barato\u2705",
        "type": "Default",
        "rate": "4.56",
        "min": "10",
        "max": "50000",
        "dripfeed": false,
        "refill": false,
        "cancel": false,
        "category": "\u2705Servi\u00e7os Para Twitter\u2705"
    },
    {
        "service": "25",
        "name": "\u2705Curtidas do Twitter\u2705",
        "type": "Default",
        "rate": "5.56",
        "min": "50",
        "max": "10000",
        "dripfeed": false,
        "refill": false,
        "cancel": false,
        "category": "\u2705Servi\u00e7os Para Twitter\u2705"
    },
    {
        "service": "24",
        "name": "\u2705Seguidores do Twitch barato\u2705",
        "type": "Default",
        "rate": "1.99",
        "min": "100",
        "max": "200000",
        "dripfeed": false,
        "refill": true,
        "cancel": false,
        "category": "\u2705Seguidores No Twitch\u2705"
    },
    {
        "service": "123",
        "name": "\u2705Nova Visualiza\u00e7\u00e3o Reels ou IGTV | Barato e R\u00e1pido |\u2705",
        "type": "Default",
        "rate": "0.35",
        "min": "100",
        "max": "10000000",
        "dripfeed": false,
        "refill": false,
        "cancel": false,
        "category": "\ud83d\udca5Visualiza\u00e7\u00f5es No Reels, IGTV E Stores\ud83d\udca5"
    },
    {
        "service": "14",
        "name": "\ud83d\udca5Visualiza\u00e7\u00f5es no instagram, reels e IGTV\ud83d\udca5",
        "type": "Default",
        "rate": "0.19",
        "min": "100",
        "max": "10000000",
        "dripfeed": false,
        "refill": false,
        "cancel": false,
        "category": "\ud83d\udca5Visualiza\u00e7\u00f5es No Reels, IGTV E Stores\ud83d\udca5"
    },
    {
        "service": "8",
        "name": "\ud83d\uded1Seguidores do Instagram | HQ | R\u00e1pido | Barato | Velocidade: 10K \/ dia | MAX 10K \u26d4",
        "type": "Default",
        "rate": "1.36",
        "min": "50",
        "max": "100000",
        "dripfeed": false,
        "refill": true,
        "cancel": true,
        "category": "\ud83d\uded1Seguidores do Instagram mais baratos mundiais\ud83d\uded1"
    },
    {
        "service": "144",
        "name": "\ud83d\udd25 YouTube Curtidas | Barato |",
        "type": "Default",
        "rate": "1.99",
        "min": "10",
        "max": "2000",
        "dripfeed": false,
        "refill": false,
        "cancel": false,
        "category": "\ud83d\uded1Visualiza\u00e7\u00e3o E Likes No YouTube\ud83d\uded1"
    },
    {
        "service": "140",
        "name": "\ud83d\uded1Visualiza\u00e7\u00f5es do Youtube Super R\u00e1pido\u26d4",
        "type": "Default",
        "rate": "9.99",
        "min": "100",
        "max": "1000000",
        "dripfeed": false,
        "refill": false,
        "cancel": false,
        "category": "\ud83d\uded1Visualiza\u00e7\u00e3o E Likes No YouTube\ud83d\uded1"
    },
    {
        "service": "18",
        "name": "\ud83d\uded1Visualiza\u00e7\u00f5es nos videos do Youtube\ud83d\uded1",
        "type": "Default",
        "rate": "6.99",
        "min": "100",
        "max": "1000000",
        "dripfeed": false,
        "refill": false,
        "cancel": false,
        "category": "\ud83d\uded1Visualiza\u00e7\u00e3o E Likes No YouTube\ud83d\uded1"
    },
    {
        "service": "11",
        "name": "\ud83d\uded1Visualiza\u00e7\u00f5es nos videos do Youtube\ud83d\uded1",
        "type": "Default",
        "rate": "9.99",
        "min": "100",
        "max": "1000000",
        "dripfeed": false,
        "refill": false,
        "cancel": false,
        "category": "\ud83d\uded1Visualiza\u00e7\u00e3o E Likes No YouTube\ud83d\uded1"
    },
    {
        "service": "16",
        "name": "\ud83d\uded1Curtidas no Youtube\ud83d\uded1",
        "type": "Default",
        "rate": "1.99",
        "min": "10",
        "max": "2000",
        "dripfeed": false,
        "refill": false,
        "cancel": false,
        "category": "\ud83d\uded1Visualiza\u00e7\u00e3o E Likes No YouTube\ud83d\uded1"
    },
    {
        "service": "17",
        "name": "\ud83d\uded1Curtidas no Instagram | Garantia |\ud83d\uded1",
        "type": "Default",
        "rate": "2.19",
        "min": "10",
        "max": "2000",
        "dripfeed": false,
        "refill": false,
        "cancel": false,
        "category": "\ud83d\uded1Visualiza\u00e7\u00e3o E Likes No YouTube\ud83d\uded1"
    },
    {
        "service": "19",
        "name": "\ud83d\uded1Visualiza\u00e7\u00f5es  nos videos do Youtube\ud83d\uded1",
        "type": "Default",
        "rate": "6.99",
        "min": "100",
        "max": "1000000",
        "dripfeed": false,
        "refill": false,
        "cancel": false,
        "category": "\ud83d\uded1Visualiza\u00e7\u00e3o E Likes No YouTube\ud83d\uded1"
    },
    {
        "service": "15",
        "name": "\ud83d\uded1Coment\u00e1rios personalizados\ud83d\uded1",
        "type": "Custom Comments",
        "rate": "5.56",
        "min": "10",
        "max": "50000",
        "dripfeed": false,
        "refill": false,
        "cancel": false,
        "category": "\ud83d\uded1Coment\u00e1rios do instagram\ud83d\uded1"
    },
    {
        "service": "13",
        "name": "\ud83d\uded1Coment\u00e1rios do instagram aleat\u00f3rios\ud83d\uded1",
        "type": "Custom Comments",
        "rate": "4.56",
        "min": "10",
        "max": "10000",
        "dripfeed": false,
        "refill": false,
        "cancel": false,
        "category": "\ud83d\uded1Coment\u00e1rios do instagram\ud83d\uded1"
    },
    {
        "service": "148",
        "name": "\u2705Coment\u00e1rios Brasileiros\u2705",
        "type": "Default",
        "rate": "88.99",
        "min": "5",
        "max": "100",
        "dripfeed": false,
        "refill": false,
        "cancel": false,
        "category": "\ud83d\uded1Coment\u00e1rios do instagram\ud83d\uded1"
    },
    {
        "service": "246",
        "name": "\ud83d\uded1Visualiza\u00e7\u00f5es Kwai [Sem queda]\ud83d\uded1",
        "type": "Default",
        "rate": "9.99",
        "min": "100",
        "max": "1000000",
        "dripfeed": false,
        "refill": false,
        "cancel": false,
        "category": "Servi\u00e7os para Kwai\ud83d\uded1"
    },
    {
        "service": "247",
        "name": "\ud83d\uded1Visualiza\u00e7\u00f5es Kwai [50K]\ud83d\uded1",
        "type": "Default",
        "rate": "5.56",
        "min": "50000",
        "max": "1000000",
        "dripfeed": false,
        "refill": false,
        "cancel": false,
        "category": "Servi\u00e7os para Kwai\ud83d\uded1"
    },
    {
        "service": "248",
        "name": "\u2705Visualiza\u00e7\u00f5es em reels Fecebook",
        "type": "Default",
        "rate": "1.29",
        "min": "500",
        "max": "10000000",
        "dripfeed": false,
        "refill": false,
        "cancel": false,
        "category": "Seguidores, Curtidas e Coment\u00e1rios no Fecebook\u2705"
    },
    {
        "service": "249",
        "name": "\ud83d\udca5  FACEBOOK | Rea\u00e7\u00e3o | Amei\u2764\ufe0f",
        "type": "Default",
        "rate": "2.99",
        "min": "100",
        "max": "10000",
        "dripfeed": false,
        "refill": false,
        "cancel": false,
        "category": "Seguidores, Curtidas e Coment\u00e1rios no Fecebook\u2705"
    },
    {
        "service": "250",
        "name": "\ud83d\udca5  FACEBOOK | Rea\u00e7\u00e3o | Rindo\ud83d\ude02",
        "type": "Default",
        "rate": "2.99",
        "min": "100",
        "max": "10000",
        "dripfeed": false,
        "refill": false,
        "cancel": false,
        "category": "Seguidores, Curtidas e Coment\u00e1rios no Fecebook\u2705"
    },
    {
        "service": "251",
        "name": "\ud83d\udca5  FACEBOOK | Rea\u00e7\u00e3o | Irritado\ud83d\ude21",
        "type": "Default",
        "rate": "2.99",
        "min": "100",
        "max": "20000",
        "dripfeed": false,
        "refill": false,
        "cancel": false,
        "category": "Seguidores, Curtidas e Coment\u00e1rios no Fecebook\u2705"
    },
    {
        "service": "252",
        "name": "\u2705Curtidas de postagens no Facebook | Real | Sem recarga | Mais barato |",
        "type": "Default",
        "rate": "2.99",
        "min": "100",
        "max": "50000",
        "dripfeed": false,
        "refill": false,
        "cancel": false,
        "category": "Seguidores, Curtidas e Coment\u00e1rios no Fecebook\u2705"
    },
    {
        "service": "253",
        "name": "\u2705Visualiza\u00e7\u00f5es de stores Fecebook",
        "type": "Default",
        "rate": "2.56",
        "min": "100",
        "max": "50000",
        "dripfeed": false,
        "refill": false,
        "cancel": false,
        "category": "Seguidores, Curtidas e Coment\u00e1rios no Fecebook\u2705"
    },
    {
        "service": "254",
        "name": "\u2705Compartilhamento de postagens ou fotos fecebook\u2705",
        "type": "Default",
        "rate": "5.56",
        "min": "100",
        "max": "10000000",
        "dripfeed": false,
        "refill": false,
        "cancel": false,
        "category": "Seguidores, Curtidas e Coment\u00e1rios no Fecebook\u2705"
    },
    {
        "service": "255",
        "name": "\u2705Rea\u00e7\u00e3o em postagens ou fotos fecebook\u2705",
        "type": "Default",
        "rate": "2.99",
        "min": "100",
        "max": "10000",
        "dripfeed": false,
        "refill": false,
        "cancel": false,
        "category": "Seguidores, Curtidas e Coment\u00e1rios no Fecebook\u2705"
    },
    {
        "service": "256",
        "name": "\u2705Curtidas de Postagem no Fecebook \u2705",
        "type": "Default",
        "rate": "2.99",
        "min": "100",
        "max": "20000",
        "dripfeed": false,
        "refill": false,
        "cancel": false,
        "category": "Seguidores, Curtidas e Coment\u00e1rios no Fecebook\u2705"
    },
    {
        "service": "257",
        "name": "\u2705Curtidas de postagens no Facebook | Real | Superfast | Max 20K |",
        "type": "Default",
        "rate": "4.99",
        "min": "50",
        "max": "50000",
        "dripfeed": false,
        "refill": false,
        "cancel": false,
        "category": "Seguidores, Curtidas e Coment\u00e1rios no Fecebook\u2705"
    },
    {
        "service": "258",
        "name": "\u2705Seguidores da p\u00e1gina do Facebook | Max 10K | Refil de 30 dias\u267b | Usu\u00e1rios reais |",
        "type": "Default",
        "rate": "5.56",
        "min": "500",
        "max": "500000",
        "dripfeed": false,
        "refill": false,
        "cancel": false,
        "category": "Seguidores, Curtidas e Coment\u00e1rios no Fecebook\u2705"
    },
    {
        "service": "259",
        "name": "\u2705Curtidas em p\u00e1ginas do Facebook",
        "type": "Default",
        "rate": "9.99",
        "min": "100",
        "max": "50000",
        "dripfeed": false,
        "refill": false,
        "cancel": false,
        "category": "Seguidores, Curtidas e Coment\u00e1rios no Fecebook\u2705"
    },
    {
        "service": "260",
        "name": "\u2705Seguidores da Perfil do Facebook",
        "type": "Default",
        "rate": "9.99",
        "min": "100",
        "max": "2000000",
        "dripfeed": false,
        "refill": false,
        "cancel": false,
        "category": "Seguidores, Curtidas e Coment\u00e1rios no Fecebook\u2705"
    },
    {
        "service": "261",
        "name": "\u2705Coment\u00e1rios personalizados Fecebook",
        "type": "Custom Comments",
        "rate": "29.99",
        "min": "10",
        "max": "10000",
        "dripfeed": false,
        "refill": false,
        "cancel": false,
        "category": "Seguidores, Curtidas e Coment\u00e1rios no Fecebook\u2705"
    },
    {
        "service": "133",
        "name": "\ud83d\uded1Inscritos Para Youtube Sem Queda | Permanente | \u26d4",
        "type": "Default",
        "rate": "59.99",
        "min": "50",
        "max": "50000",
        "dripfeed": false,
        "refill": false,
        "cancel": false,
        "category": "\u2705Inscritos Youtube\u2705"
    },
    {
        "service": "41",
        "name": "\u26a1\ufe0fSeguidores Barato e R\u00e1pido | 150K |\u26a1\ufe0f",
        "type": "Default",
        "rate": "1.36",
        "min": "10",
        "max": "20000",
        "dripfeed": false,
        "refill": true,
        "cancel": true,
        "category": "\u2705Novos Servi\u00e7os + R\u00e1pidos e + Baratos\u2705"
    },
    {
        "service": "42",
        "name": "\ud83c\udf10Visualiza\u00e7\u00f5es de Video TikTok | Instant\u00e2neo | Barato |\ud83c\udf10",
        "type": "Default",
        "rate": "0.10",
        "min": "1000",
        "max": "10000000",
        "dripfeed": false,
        "refill": false,
        "cancel": false,
        "category": "\u2705Novos Servi\u00e7os + R\u00e1pidos e + Baratos\u2705"
    },
    {
        "service": "43",
        "name": "\ud83d\udca5Visualiza\u00e7\u00f5es no reels novo | R\u00e1pido |\u2705",
        "type": "Default",
        "rate": "0.19",
        "min": "500",
        "max": "10000000",
        "dripfeed": false,
        "refill": false,
        "cancel": true,
        "category": "\u2705Novos Servi\u00e7os + R\u00e1pidos e + Baratos\u2705"
    },
    {
        "service": "44",
        "name": "\u2705INSTAGRAM | Visualiza\u00e7\u00e3o Reels ou IGTV | Barato |\u2705",
        "type": "Default",
        "rate": "0.12",
        "min": "500",
        "max": "10000000",
        "dripfeed": false,
        "refill": false,
        "cancel": true,
        "category": "\u2705Novos Servi\u00e7os + R\u00e1pidos e + Baratos\u2705"
    },
    {
        "service": "45",
        "name": "\ud83d\udca5Visualiza\u00e7\u00f5es de stores no Instagram | Todas os stores | Real | 100K|\u2705",
        "type": "Default",
        "rate": "0.99",
        "min": "10",
        "max": "10000",
        "dripfeed": false,
        "refill": false,
        "cancel": true,
        "category": "\u2705Novos Servi\u00e7os + R\u00e1pidos e + Baratos\u2705"
    },
    {
        "service": "46",
        "name": "\u2705Curtidas no Instagram | Barato|\u2705",
        "type": "Default",
        "rate": "0.25",
        "min": "10",
        "max": "100000",
        "dripfeed": false,
        "refill": false,
        "cancel": true,
        "category": "\u2705Novos Servi\u00e7os + R\u00e1pidos e + Baratos\u2705"
    },
    {
        "service": "47",
        "name": "\ud83d\udca5Visualiza\u00e7\u00f5es no reels novo | Mega R\u00e1pido |\u2705",
        "type": "Default",
        "rate": "0.30",
        "min": "100",
        "max": "10000000",
        "dripfeed": false,
        "refill": false,
        "cancel": false,
        "category": "\u2705Novos Servi\u00e7os + R\u00e1pidos e + Baratos\u2705"
    },
    {
        "service": "184",
        "name": "\u2705Seguidores do Instagram | Misturados | Reposi\u00e7\u00e3o |\u2705",
        "type": "Default",
        "rate": "1.99",
        "min": "20",
        "max": "250000",
        "dripfeed": false,
        "refill": true,
        "cancel": true,
        "category": "\u2705Novos Servi\u00e7os + R\u00e1pidos e + Baratos\u2705"
    },
    {
        "service": "185",
        "name": "\u2705Seguidores do Instagram | Mega r\u00e1pido | 60 Dias de Reposi\u00e7\u00e3o Autom\u00e1tica |\u2705",
        "type": "Default",
        "rate": "2.19",
        "min": "10",
        "max": "150000",
        "dripfeed": false,
        "refill": true,
        "cancel": true,
        "category": "\u2705Novos Servi\u00e7os + R\u00e1pidos e + Baratos\u2705"
    },
    {
        "service": "186",
        "name": "\u2705Seguidores do Instagram R\u00e1pidos | 90 Dias Reposi\u00e7\u00e3o | Barato |\u2705",
        "type": "Default",
        "rate": "2.56",
        "min": "10",
        "max": "200000",
        "dripfeed": false,
        "refill": true,
        "cancel": true,
        "category": "\u2705Novos Servi\u00e7os + R\u00e1pidos e + Baratos\u2705"
    },
    {
        "service": "187",
        "name": "\u2705Seguidores do Instagram 365 dias de Reposi\u00e7\u00e3o | Barato\u2705",
        "type": "Default",
        "rate": "2.56",
        "min": "20",
        "max": "1000000",
        "dripfeed": false,
        "refill": true,
        "cancel": true,
        "category": "\u2705Novos Servi\u00e7os + R\u00e1pidos e + Baratos\u2705"
    },
    {
        "service": "52",
        "name": "\ud83d\uded1Assinante do Youtube | Barato |\ud83d\uded1",
        "type": "Default",
        "rate": "2.99",
        "min": "100",
        "max": "20000",
        "dripfeed": false,
        "refill": false,
        "cancel": false,
        "category": "\u2705Novos Servi\u00e7os + R\u00e1pidos e + Baratos\u2705"
    },
    {
        "service": "53",
        "name": "\ud83d\udd25 - Visualiza\u00e7\u00f5es + Likes no Youtube [Barato]\u26a1\ufe0f",
        "type": "Default",
        "rate": "6.99",
        "min": "100",
        "max": "150000",
        "dripfeed": false,
        "refill": true,
        "cancel": false,
        "category": "\u2705Novos Servi\u00e7os + R\u00e1pidos e + Baratos\u2705"
    },
    {
        "service": "54",
        "name": "\ud83d\udd25Instagram Curtidas Super R\u00e1pido [Barato]\ud83d\udc9a\u26a1\ufe0f",
        "type": "Default",
        "rate": "0.31",
        "min": "10",
        "max": "100000",
        "dripfeed": false,
        "refill": false,
        "cancel": true,
        "category": "\u2705Novos Servi\u00e7os + R\u00e1pidos e + Baratos\u2705"
    },
    {
        "service": "55",
        "name": "\u2705Seguidores do Twitch | Barato |\u2705",
        "type": "Default",
        "rate": "4.99",
        "min": "20",
        "max": "20000",
        "dripfeed": false,
        "refill": true,
        "cancel": false,
        "category": "\u2705Novos Servi\u00e7os + R\u00e1pidos e + Baratos\u2705"
    },
    {
        "service": "56",
        "name": "\u2705Seguidores do Twitch | 1M |\u2705",
        "type": "Default",
        "rate": "1.99",
        "min": "20",
        "max": "2000000",
        "dripfeed": false,
        "refill": true,
        "cancel": false,
        "category": "\u2705Novos Servi\u00e7os + R\u00e1pidos e + Baratos\u2705"
    },
    {
        "service": "57",
        "name": "\ud83d\uded1Visualiza\u00e7\u00f5es Kwai [Sem queda]\ud83d\uded1",
        "type": "Default",
        "rate": "9.99",
        "min": "100",
        "max": "1000000",
        "dripfeed": false,
        "refill": false,
        "cancel": false,
        "category": "\u2705Novos Servi\u00e7os + R\u00e1pidos e + Baratos\u2705"
    },
    {
        "service": "58",
        "name": "\ud83d\uded1Curtidas Kwai [100-300\/D] [0-8\/H]\ud83d\uded1",
        "type": "Default",
        "rate": "5.99",
        "min": "10",
        "max": "30000",
        "dripfeed": false,
        "refill": false,
        "cancel": false,
        "category": "\u2705Novos Servi\u00e7os + R\u00e1pidos e + Baratos\u2705"
    },
    {
        "service": "59",
        "name": "\u2705INSTAGRAM | Coment\u00e1rio Padr\u00e3o\u2705",
        "type": "Default",
        "rate": "8.99",
        "min": "5",
        "max": "200000",
        "dripfeed": false,
        "refill": false,
        "cancel": false,
        "category": "\u2705Novos Servi\u00e7os + R\u00e1pidos e + Baratos\u2705"
    },
    {
        "service": "60",
        "name": "\u2705 INSTAGRAM | Visualiza\u00e7\u00e3o Live Instagram | 30 minutos |\u2705",
        "type": "Default",
        "rate": "29.99",
        "min": "100",
        "max": "10000",
        "dripfeed": false,
        "refill": false,
        "cancel": false,
        "category": "\u2705Novos Servi\u00e7os + R\u00e1pidos e + Baratos\u2705"
    },
    {
        "service": "62",
        "name": "\ud83d\uded1YOUTUBE | Visualiza\u00e7\u00e3o Transmiss\u00e3o Ao Vivo\ud83d\uded1",
        "type": "Default",
        "rate": "3.99",
        "min": "1000",
        "max": "400000",
        "dripfeed": false,
        "refill": false,
        "cancel": true,
        "category": "\u2705Novos Servi\u00e7os + R\u00e1pidos e + Baratos\u2705"
    },
    {
        "service": "63",
        "name": "\u2705 TIKTOK | Curtidas com Reposi\u00e7\u00e3o | \u2705",
        "type": "Default",
        "rate": "2.19",
        "min": "20",
        "max": "25000",
        "dripfeed": false,
        "refill": false,
        "cancel": false,
        "category": "\u2705Novos Servi\u00e7os + R\u00e1pidos e + Baratos\u2705"
    },
    {
        "service": "64",
        "name": "\ud83d\uded1 TIKTOK | Curtidas |\u26d4",
        "type": "Default",
        "rate": "1.99",
        "min": "10",
        "max": "50000",
        "dripfeed": false,
        "refill": false,
        "cancel": false,
        "category": "\u2705Novos Servi\u00e7os + R\u00e1pidos e + Baratos\u2705"
    },
    {
        "service": "65",
        "name": "\ud83d\udca5 FACEBOOK | Rea\u00e7\u00e3o | Amei \u2764\ufe0f",
        "type": "Default",
        "rate": "3.99",
        "min": "100",
        "max": "10000",
        "dripfeed": false,
        "refill": false,
        "cancel": false,
        "category": "\u2705Novos Servi\u00e7os + R\u00e1pidos e + Baratos\u2705"
    },
    {
        "service": "51",
        "name": "\u2705Seguidores do Instagram 365 dias de Reposi\u00e7\u00e3o | Barato\u2705",
        "type": "Default",
        "rate": "2.56",
        "min": "50000",
        "max": "1000000",
        "dripfeed": false,
        "refill": true,
        "cancel": true,
        "category": "\u2705Novos Servi\u00e7os + R\u00e1pidos e + Baratos\u2705"
    },
    {
        "service": "188",
        "name": "\u2705Seguidores do Instagram | Bot e Real | MAX 200K R\u00e1pido | Menos queda |\u2705",
        "type": "Default",
        "rate": "1.99",
        "min": "10",
        "max": "200000",
        "dripfeed": false,
        "refill": true,
        "cancel": true,
        "category": "\u2705Novos Servi\u00e7os Atualizados\u2705"
    },
    {
        "service": "189",
        "name": "\u2705Seguidores do Instagram | Bot e real | R\u00e1pido com Reposi\u00e7\u00e3o\u2705",
        "type": "Default",
        "rate": "2.29",
        "min": "10",
        "max": "20000",
        "dripfeed": false,
        "refill": true,
        "cancel": true,
        "category": "\u2705Novos Servi\u00e7os Atualizados\u2705"
    },
    {
        "service": "190",
        "name": "\u2705Seguidores do Instagram | Mega r\u00e1pidos | 60 Dias de Reposi\u00e7\u00e3o | Gotejamento |\u2705",
        "type": "Default",
        "rate": "2.19",
        "min": "10",
        "max": "100000",
        "dripfeed": false,
        "refill": true,
        "cancel": true,
        "category": "\u2705Novos Servi\u00e7os Atualizados\u2705"
    },
    {
        "service": "75",
        "name": "\u2705Seguidores do Instagram | Inicio R\u00e1pido |\u2705",
        "type": "Default",
        "rate": "2.29",
        "min": "10",
        "max": "600000",
        "dripfeed": false,
        "refill": true,
        "cancel": true,
        "category": "\u2705Novos Servi\u00e7os Atualizados\u2705"
    },
    {
        "service": "79",
        "name": "\u2705Curtidas no Instagram Super R\u00e1pidas | Barato |\u2705",
        "type": "Default",
        "rate": "0.31",
        "min": "10",
        "max": "15000",
        "dripfeed": false,
        "refill": false,
        "cancel": true,
        "category": "\u2705Novos Servi\u00e7os Atualizados\u2705"
    },
    {
        "service": "81",
        "name": "\ud83d\uded1Visualiza\u00e7\u00f5es Kwai [Sem queda]\ud83d\uded1",
        "type": "Default",
        "rate": "9.99",
        "min": "100",
        "max": "1000000",
        "dripfeed": false,
        "refill": false,
        "cancel": false,
        "category": "\u2705Novos Servi\u00e7os Atualizados\u2705"
    },
    {
        "service": "82",
        "name": "\ud83d\uded1Curtidas Kwai [100-300\/D] [0-8\/H]\ud83d\uded1",
        "type": "Default",
        "rate": "4.99",
        "min": "10",
        "max": "30000",
        "dripfeed": false,
        "refill": false,
        "cancel": false,
        "category": "\u2705Novos Servi\u00e7os Atualizados\u2705"
    },
    {
        "service": "83",
        "name": "\ud83d\uded1Seguidores Kwai [100-300\/D] [0-8\/H]\ud83d\uded1",
        "type": "Default",
        "rate": "10.99",
        "min": "10",
        "max": "30000",
        "dripfeed": false,
        "refill": false,
        "cancel": false,
        "category": "\u2705Novos Servi\u00e7os Atualizados\u2705"
    },
    {
        "service": "84",
        "name": "\ud83d\uded1Seguidores Melhor | 200K | Reposi\u00e7\u00e3o 60 Dias | Barato | \ud83d\uded1",
        "type": "Default",
        "rate": "2.19",
        "min": "10",
        "max": "200000",
        "dripfeed": false,
        "refill": true,
        "cancel": true,
        "category": "\u2705Novos Servi\u00e7os Atualizados\u2705"
    },
    {
        "service": "85",
        "name": "\u2705Membros para Telegram Mix | Barato |\u2705",
        "type": "Default",
        "rate": "2.56",
        "min": "100",
        "max": "100000",
        "dripfeed": false,
        "refill": false,
        "cancel": false,
        "category": "\u2705Novos Servi\u00e7os Atualizados\u2705"
    },
    {
        "service": "86",
        "name": "\u2705Visualiza\u00e7\u00f5es no Reels do Instagram | R\u00e1pido | Gotejamento |\u2705",
        "type": "Default",
        "rate": "0.22",
        "min": "100",
        "max": "10000000",
        "dripfeed": false,
        "refill": false,
        "cancel": false,
        "category": "\u2705Novos Servi\u00e7os Atualizados\u2705"
    },
    {
        "service": "87",
        "name": "\u2705Salves no Instagram | 5K |\u2705",
        "type": "Default",
        "rate": "0.15",
        "min": "100",
        "max": "20000",
        "dripfeed": false,
        "refill": false,
        "cancel": false,
        "category": "\u2705Novos Servi\u00e7os Atualizados\u2705"
    },
    {
        "service": "88",
        "name": "\ud83d\udca5Impress\u00f5es + alcance + visitas de perfil no Instagram| MAX 10K \u26a1\ufe0f\u26a1\ufe0f",
        "type": "Default",
        "rate": "0.39",
        "min": "100",
        "max": "100000",
        "dripfeed": false,
        "refill": false,
        "cancel": false,
        "category": "\u2705Novos Servi\u00e7os Atualizados\u2705"
    },
    {
        "service": "89",
        "name": "\ud83d\udc4dCurtidas no Reels Barato\ud83d\udc4d",
        "type": "Default",
        "rate": "0.39",
        "min": "10",
        "max": "300000",
        "dripfeed": false,
        "refill": false,
        "cancel": true,
        "category": "\u2705Novos Servi\u00e7os Atualizados\u2705"
    },
    {
        "service": "91",
        "name": "\u2705Seguidores do Spotify | Barato|\u2b50",
        "type": "Default",
        "rate": "1.59",
        "min": "100",
        "max": "1000000",
        "dripfeed": false,
        "refill": false,
        "cancel": false,
        "category": "\u2705Servi\u00e7o Spotify\u2705"
    },
    {
        "service": "92",
        "name": "\u2705Seguidores da lista de reprodu\u00e7\u00e3o do Spotify\u2b50",
        "type": "Default",
        "rate": "2.99",
        "min": "20",
        "max": "100000000",
        "dripfeed": false,
        "refill": false,
        "cancel": false,
        "category": "\u2705Servi\u00e7o Spotify\u2705"
    },
    {
        "service": "93",
        "name": "\u2705Ouvintes Mensais do Spotify | BR |\u2b50",
        "type": "Default",
        "rate": "9.89",
        "min": "500",
        "max": "50000",
        "dripfeed": false,
        "refill": false,
        "cancel": false,
        "category": "\u2705Servi\u00e7o Spotify\u2705"
    },
    {
        "service": "94",
        "name": "\u2705Salves no Spotify\u2b50",
        "type": "Default",
        "rate": "1.55",
        "min": "20",
        "max": "100000000",
        "dripfeed": false,
        "refill": false,
        "cancel": false,
        "category": "\u2705Servi\u00e7o Spotify\u2705"
    },
    {
        "service": "98",
        "name": "\u2705LINKEDIN | Seguidores para Perfil\u2705",
        "type": "Default",
        "rate": "39.99",
        "min": "100",
        "max": "50000",
        "dripfeed": false,
        "refill": false,
        "cancel": false,
        "category": "\u2705Servi\u00e7os Linkedin\u2705"
    },
    {
        "service": "100",
        "name": "\u2705Seguidores Retube\u2705",
        "type": "Default",
        "rate": "25.99",
        "min": "20",
        "max": "50000",
        "dripfeed": false,
        "refill": false,
        "cancel": true,
        "category": "\u2705Servi\u00e7os Retube\u2705"
    },
    {
        "service": "101",
        "name": "\u2705Rea\u00e7\u00e3o no Video\u2705",
        "type": "Default",
        "rate": "25.99",
        "min": "10",
        "max": "40000",
        "dripfeed": false,
        "refill": false,
        "cancel": false,
        "category": "\u2705Servi\u00e7os Retube\u2705"
    },
    {
        "service": "102",
        "name": "\u2705Seguidores de artistas Deezer\u2705",
        "type": "Default",
        "rate": "15.99",
        "min": "25",
        "max": "50000",
        "dripfeed": false,
        "refill": false,
        "cancel": false,
        "category": "\u2705Servi\u00e7os Deezer\u2705"
    },
    {
        "service": "103",
        "name": "\u2705Seguidores de lista de reprodu\u00e7\u00e3o Deezer\u2705",
        "type": "Default",
        "rate": "15.99",
        "min": "25",
        "max": "50000",
        "dripfeed": false,
        "refill": false,
        "cancel": false,
        "category": "\u2705Servi\u00e7os Deezer\u2705"
    },
    {
        "service": "104",
        "name": "\u2705Reprodu\u00e7\u00e3o do mixcloud\u2705",
        "type": "Default",
        "rate": "4.99",
        "min": "1000",
        "max": "500000",
        "dripfeed": false,
        "refill": false,
        "cancel": false,
        "category": "\u2705Servi\u00e7os Mixcloud\u2705"
    },
    {
        "service": "155",
        "name": "\ud83d\udc9aCurtidas no Instagram | BR |\ud83d\udc9a",
        "type": "Default",
        "rate": "2.56",
        "min": "20",
        "max": "50000",
        "dripfeed": false,
        "refill": false,
        "cancel": false,
        "category": "\u2705Coment\u00e1rios e likes do Instagram BR\u2705"
    },
    {
        "service": "168",
        "name": "\ud83d\udc9aCurtidas no Instagram com Reposi\u00e7\u00e3o | BR |\ud83d\udc9a",
        "type": "Default",
        "rate": "5.56",
        "min": "20",
        "max": "50000",
        "dripfeed": false,
        "refill": true,
        "cancel": false,
        "category": "\u2705Coment\u00e1rios e likes do Instagram BR\u2705"
    },
    {
        "service": "157",
        "name": "\u2705Coment\u00e1rios Brasileiros\u2705",
        "type": "Default",
        "rate": "89.99",
        "min": "5",
        "max": "100",
        "dripfeed": false,
        "refill": false,
        "cancel": false,
        "category": "\u2705Coment\u00e1rios e likes do Instagram BR\u2705"
    },
    {
        "service": "156",
        "name": "\ud83d\udc9aCurtidas no Instagram com Reposi\u00e7\u00e3o | BR |\ud83d\udc9a N\u00c3O USE ESSE, USE O SERVI\u00c7O MAIS NOVO",
        "type": "Default",
        "rate": "5.56",
        "min": "50000",
        "max": "100000",
        "dripfeed": false,
        "refill": true,
        "cancel": false,
        "category": "\u2705Coment\u00e1rios e likes do Instagram BR\u2705"
    },
    {
        "service": "196",
        "name": "\u2705Membros do canal ou grupo p\u00fablico do Telegram | Barato |\u2705",
        "type": "Default",
        "rate": "2.56",
        "min": "10",
        "max": "100000",
        "dripfeed": false,
        "refill": false,
        "cancel": false,
        "category": "\u2705Servi\u00e7os Telegram\u2705"
    },
    {
        "service": "197",
        "name": "\u2705Membros do canal p\u00fablico do Telegram | Max 1K | Sem recarga",
        "type": "Default",
        "rate": "2.59",
        "min": "500",
        "max": "100000",
        "dripfeed": false,
        "refill": false,
        "cancel": false,
        "category": "\u2705Servi\u00e7os Telegram\u2705"
    },
    {
        "service": "198",
        "name": "\u2705Membros do canal p\u00fablico do Telegram | Max 50k | Baixa queda | O melhor",
        "type": "Default",
        "rate": "4.56",
        "min": "100",
        "max": "30000",
        "dripfeed": false,
        "refill": false,
        "cancel": false,
        "category": "\u2705Servi\u00e7os Telegram\u2705"
    },
    {
        "service": "199",
        "name": "\ud83d\udca5Visualiza\u00e7\u00e3o da postagem do telegrama (\u00faltima 1 postagem) | Max 20K | Real | In\u00edcio instant\u00e2neo | \ud83d\udca5",
        "type": "Default",
        "rate": "0.10",
        "min": "1000",
        "max": "10000000",
        "dripfeed": false,
        "refill": false,
        "cancel": false,
        "category": "\u2705Servi\u00e7os Telegram\u2705"
    },
    {
        "service": "201",
        "name": "\u2705Seguidores no Twitter | BARATO |",
        "type": "Default",
        "rate": "2.99",
        "min": "10",
        "max": "20000",
        "dripfeed": false,
        "refill": false,
        "cancel": false,
        "category": "\u2705Seguidores, Likes e Enquetes no Twitter\u2705"
    },
    {
        "service": "202",
        "name": "\u2705Curtidas noTwitter | Barato |",
        "type": "Default",
        "rate": "2.99",
        "min": "10",
        "max": "1000",
        "dripfeed": false,
        "refill": false,
        "cancel": false,
        "category": "\u2705Seguidores, Likes e Enquetes no Twitter\u2705"
    },
    {
        "service": "203",
        "name": "\u2705Coment\u00e1rios personalizados no Twitter | NOVO |",
        "type": "Custom Comments",
        "rate": "59.99",
        "min": "5",
        "max": "1000",
        "dripfeed": false,
        "refill": false,
        "cancel": false,
        "category": "\u2705Seguidores, Likes e Enquetes no Twitter\u2705"
    },
    {
        "service": "204",
        "name": "\u2705Seguidores no Twitter",
        "type": "Default",
        "rate": "3.99",
        "min": "10",
        "max": "50000",
        "dripfeed": false,
        "refill": false,
        "cancel": false,
        "category": "\u2705Seguidores, Likes e Enquetes no Twitter\u2705"
    },
    {
        "service": "205",
        "name": "\u2705Curtidas noTwitter",
        "type": "Default",
        "rate": "5.56",
        "min": "10",
        "max": "10000",
        "dripfeed": false,
        "refill": false,
        "cancel": false,
        "category": "\u2705Seguidores, Likes e Enquetes no Twitter\u2705"
    },
    {
        "service": "206",
        "name": "\u2705Seguidores no Twitter",
        "type": "Default",
        "rate": "2.99",
        "min": "25",
        "max": "10000",
        "dripfeed": false,
        "refill": false,
        "cancel": false,
        "category": "\u2705Seguidores, Likes e Enquetes no Twitter\u2705"
    }
]