{
    "vk":{
        "nome":"vk.com"
    },
    "ok":{
        "nome":"ok.ru"
    },
    "wa":{
        "nome":"Whatsapp"
    },
    "vi":{
        "nome":"Viber"
    },
    "tg":{
        "nome":"Telegram"
    },
    "wb":{
        "nome":"WeChat"
    },
    "go":{
        "nome":"Google"
    },
    "av":{
        "nome":"avito"
    },
    "fb":{
        "nome":"Facebook"
    },
    "tw":{
        "nome":"Twitter"
    },
    "ot":{
        "nome":"Outros"
    },
    "ub":{
        "nome":"Uber"
    },
    "gt":{
        "nome":"Gett"
    },
    "sn":{
        "nome":"OLX"
    },
    "ig":{
        "nome":"Instagram"
    },
    "ss":{
        "nome":"hezzl"
    },
    "ym":{
        "nome":"youla.ru"
    },
    "ma":{
        "nome":"Mail.ru"
    },
    "mm":{
        "nome":"Microsoft"
    },
    "uk":{
        "nome":"Airbnb"
    },
    "me":{
        "nome":"Line Chat"
    },
    "mb":{
        "nome":"Yahoo"
    },
    "we":{
        "nome":"DrugVokrug"
    },
    "bd":{
        "nome":"5ka.ru"
    },
    "kp":{
        "nome":"HQ Trivia"
    },
    "dt":{
        "nome":"Delivery Club"
    },
    "ya":{
        "nome":"Yandex"
    },
    "mt":{
        "nome":"Steam"
    },
    "oi":{
        "nome":"Tinder"
    },
    "fd":{
        "nome":"Mamba"
    },
    "zz":{
        "nome":"DENT"
    },
    "kt":{
        "nome":"KakaoTalk"
    },
    "pm":{
        "nome":"AOL"
    },
    "tn":{
        "nome":"LinkedIN"
    },
    "qq":{
        "nome":"Tencent QQ"
    },
    "mg":{
        "nome":"Magnit"
    },
    "pf":{
        "nome":"pof.com"
    },
    "yl":{
        "nome":"Yalla"
    },
    "kl":{
        "nome":"kolesa.kz"
    },
    "po":{
        "nome":"premium.one"
    },
    "nv":{
        "nome":"Naver"
    },
    "nf":{
        "nome":"Netflix"
    },
    "iq":{
        "nome":"ICQ"
    },
    "ob":{
        "nome":"Onlinerby"
    },
    "kb":{
        "nome":"kufarby"
    },
    "im":{
        "nome":"Imo"
    },
    "mc":{
        "nome":"Michat"
    },
    "ds":{
        "nome":"Discord"
    },
    "vv":{
        "nome":"Seosprint"
    },
    "ji":{
        "nome":"Monobank"
    },
    "lf":{
        "nome":"TikTok"
    },
    "hu":{
        "nome":"Ukrnet"
    },
    "wg":{
        "nome":"Skout"
    },
    "rz":{
        "nome":"EasyPay"
    },
    "vf":{
        "nome":"Q12 Trivia"
    },
    "ny":{
        "nome":"Pyro Music"
    },
    "rr":{
        "nome":"Wolt"
    },
    "fe":{
        "nome":"CliQQ"
    },
    "la":{
        "nome":"ssoidnet"
    },
    "zh":{
        "nome":"Zoho"
    },
    "gp":{
        "nome":"Ticketmaster"
    },
    "am":{
        "nome":"Amazon"
    },
    "ly":{
        "nome":"Olacabs"
    },
    "tc":{
        "nome":"Rambler"
    },
    "dp":{
        "nome":"ProtonMail"
    },
    "pg":{
        "nome":"NRJ Music Awards"
    },
    "yf":{
        "nome":"Citymobil"
    },
    "op":{
        "nome":"MIRATORG"
    },
    "fx":{
        "nome":"PGbonus"
    },
    "qr":{
        "nome":"MEGA"
    },
    "yk":{
        "nome":"СпортМастер"
    },
    "ls":{
        "nome":"Careem"
    },
    "bl":{
        "nome":"BIGO LIVE"
    },
    "mu":{
        "nome":"MyMusicTaste"
    },
    "fu":{
        "nome":"Snapchat"
    },
    "bf":{
        "nome":"Keybase "
    },
    "sg":{
        "nome":"OZON"
    },
    "uu":{
        "nome":"Wildberries"
    },
    "ua":{
        "nome":"BlaBlaCar"
    },
    "ab":{
        "nome":"Alibaba"
    },
    "iv":{
        "nome":"Inboxlv"
    },
    "zy":{
        "nome":"Nttgame"
    },
    "gd":{
        "nome":"Surveytime"
    },
    "fy":{
        "nome":"Mylove"
    },
    "ce":{
        "nome":"mosru"
    },
    "tl":{
        "nome":"Truecaller"
    },
    "hm":{
        "nome":"Globus"
    },
    "tx":{
        "nome":"Bolt"
    },
    "ka":{
        "nome":"Shopee"
    },
    "pl":{
        "nome":"Перекресток"
    },
    "ip":{
        "nome":"Burger King"
    },
    "cm":{
        "nome":"Prom"
    },
    "hw":{
        "nome":"AliPay"
    },
    "de":{
        "nome":"Karusel"
    },
    "jc":{
        "nome":"IVI"
    },
    "rl":{
        "nome":"inDriver"
    },
    "df":{
        "nome":"Happn"
    },
    "ui":{
        "nome":"RuTube"
    },
    "up":{
        "nome":"Magnolia"
    },
    "nz":{
        "nome":"Foodpanda"
    },
    "kf":{
        "nome":"Weibo"
    },
    "ri":{
        "nome":"BillMill"
    },
    "cc":{
        "nome":"Quipp"
    },
    "lr":{
        "nome":"Okta"
    },
    "za":{
        "nome":"JDcom"
    },
    "da":{
        "nome":"MTS CashBack"
    },
    "ug":{
        "nome":"Fiqsy"
    },
    "sq":{
        "nome":"KuCoinPlay"
    },
    "zr":{
        "nome":"Papara"
    },
    "xv":{
        "nome":"Wish"
    },
    "cx":{
        "nome":"Icrypex"
    },
    "cw":{
        "nome":"PaddyPower"
    },
    "li":{
        "nome":"Baidu"
    },
    "dz":{
        "nome":"Dominos Pizza"
    },
    "xz":{
        "nome":"paycell"
    },
    "rd":{
        "nome":"Lenta"
    },
    "qb":{
        "nome":"Payberry"
    },
    "hz":{
        "nome":"Drom"
    },
    "gl":{
        "nome":"GlobalTel"
    },
    "zk":{
        "nome":"Deliveroo"
    },
    "ia":{
        "nome":"Socios"
    },
    "xl":{
        "nome":"Wmaraci"
    },
    "yi":{
        "nome":"Yemeksepeti"
    },
    "ew":{
        "nome":"Nike"
    },
    "ae":{
        "nome":"myGLO"
    },
    "gb":{
        "nome":"YouStar"
    },
    "cy":{
        "nome":"РСА"
    },
    "qm":{
        "nome":"RosaKhutor"
    },
    "dh":{
        "nome":"eBay"
    },
    "yb":{
        "nome":"Система Город"
    },
    "qe":{
        "nome":"GG"
    },
    "yw":{
        "nome":"Grindr"
    },
    "uz":{
        "nome":"OffGamers"
    },
    "gx":{
        "nome":"Hepsiburadacom"
    },
    "re":{
        "nome":"Coinbase"
    },
    "tj":{
        "nome":"dbrUA"
    },
    "ts":{
        "nome":"PayPal"
    },
    "rt":{
        "nome":"hily"
    },
    "sf":{
        "nome":"SneakersnStuff"
    },
    "sv":{
        "nome":"Dostavista"
    },
    "qi":{
        "nome":"32red"
    },
    "bz":{
        "nome":"Blizzard"
    },
    "db":{
        "nome":"ezbuy"
    },
    "vw":{
        "nome":"CoinField"
    },
    "zl":{
        "nome":"Airtel"
    },
    "wf":{
        "nome":"YandexGo"
    },
    "lw":{
        "nome":"MrGreen"
    },
    "co":{
        "nome":"Rediffmail"
    },
    "ey":{
        "nome":"miloan"
    },
    "ge":{
        "nome":"Paytm"
    },
    "os":{
        "nome":"Dhani"
    },
    "ql":{
        "nome":"CMTcuzdan"
    },
    "cq":{
        "nome":"Mercado"
    },
    "xk":{
        "nome":"DiDi"
    },
    "py":{
        "nome":"Monese"
    },
    "rv":{
        "nome":"Kotak811"
    },
    "jl":{
        "nome":"Hopi"
    },
    "pr":{
        "nome":"Trendyol"
    },
    "pu":{
        "nome":"Justdating"
    },
    "dk":{
        "nome":"Pairs"
    },
    "fm":{
        "nome":"Touchance"
    },
    "ph":{
        "nome":"SnappFood"
    },
    "sw":{
        "nome":"NCsoft"
    },
    "nr":{
        "nome":"Tosla"
    },
    "hy":{
        "nome":"Ininal"
    },
    "tr":{
        "nome":"Paysend"
    },
    "pq":{
        "nome":"CDkeys"
    },
    "ff":{
        "nome":"AVON"
    },
    "sd":{
        "nome":"dodopizza"
    },
    "ry":{
        "nome":"McDonalds"
    },
    "le":{
        "nome":"E bike Gewinnspiel"
    },
    "hr":{
        "nome":"JKF"
    },
    "qa":{
        "nome":"MyFishka"
    },
    "wc":{
        "nome":"Craigslist"
    },
    "kw":{
        "nome":"Foody"
    },
    "jg":{
        "nome":"Grab"
    },
    "mj":{
        "nome":"Zalo"
    },
    "eu":{
        "nome":"LiveScore"
    },
    "ll":{
        "nome":"888casino"
    },
    "ed":{
        "nome":"Gamer"
    },
    "pp":{
        "nome":"Huya"
    },
    "th":{
        "nome":"WestStein"
    },
    "xr":{
        "nome":"Tango"
    },
    "iz":{
        "nome":"Global24"
    },
    "tk":{
        "nome":"МВидео"
    },
    "rx":{
        "nome":"Sheerid"
    },
    "ki":{
        "nome":"99App"
    },
    "my":{
        "nome":"CAIXA"
    },
    "zm":{
        "nome":"OfferUp"
    },
    "tq":{
        "nome":"Swvl"
    },
    "au":{
        "nome":"Haraj"
    },
    "ei":{
        "nome":"Taksheel"
    },
    "rp":{
        "nome":"hamrahaval"
    },
    "pa":{
        "nome":"Gamekit"
    },
    "fs":{
        "nome":"Şikayet var"
    },
    "ul":{
        "nome":"Getir"
    },
    "cf":{
        "nome":"irancell"
    },
    "bt":{
        "nome":"Alfa"
    },
    "ud":{
        "nome":"Disney Hotstar"
    },
    "qu":{
        "nome":"Agroinform"
    },
    "un":{
        "nome":"humblebundle"
    },
    "rm":{
        "nome":"Faberlic"
    },
    "uo":{
        "nome":"CafeBazaar"
    },
    "ti":{
        "nome":"cryptocom"
    },
    "nk":{
        "nome":"Gittigidiyor"
    },
    "jm":{
        "nome":"mzadqatar"
    },
    "lp":{
        "nome":"Algida"
    },
    "si":{
        "nome":"Cita Previa"
    },
    "fj":{
        "nome":"Potato Chat"
    },
    "pt":{
        "nome":"Bitaqaty"
    },
    "qc":{
        "nome":"Праймериз 2020"
    },
    "yo":{
        "nome":"Amasia"
    },
    "ve":{
        "nome":"Dream11"
    },
    "qh":{
        "nome":"Oriflame"
    },
    "iu":{
        "nome":"Bykea"
    },
    "ib":{
        "nome":"Immowelt"
    },
    "zv":{
        "nome":"Digikala"
    },
    "jb":{
        "nome":"Wing Money"
    },
    "vn":{
        "nome":"Yaay"
    },
    "wn":{
        "nome":"GameArena"
    },
    "bj":{
        "nome":"Вита экспресс"
    },
    "st":{
        "nome":"Auchan"
    },
    "ev":{
        "nome":"PicPay "
    },
    "qn":{
        "nome":"Blued "
    },
    "cd":{
        "nome":"SpotHit"
    },
    "vo":{
        "nome":"Brand20ua"
    },
    "il":{
        "nome":"IQOS"
    },
    "dx":{
        "nome":"Powerkredite"
    },
    "el":{
        "nome":"Bisu"
    },
    "dn":{
        "nome":"Paxful"
    },
    "lk":{
        "nome":"PurePlatfrom"
    },
    "vc":{
        "nome":"banQi"
    },
    "wj":{
        "nome":"1хbet"
    },
    "wk":{
        "nome":"Mobile01"
    },
    "jj":{
        "nome":"Aitu"
    },
    "an":{
        "nome":"Adidas"
    },
    "jr":{
        "nome":"Самокат"
    },
    "nb":{
        "nome":"Верный"
    },
    "gv":{
        "nome":"Humta"
    },
    "dw":{
        "nome":"Divar"
    },
    "gj":{
        "nome":"Carousell"
    },
    "hc":{
        "nome":"MOMO"
    },
    "uf":{
        "nome":"Eneba"
    },
    "kn":{
        "nome":"Verse"
    },
    "qd":{
        "nome":"Taobao"
    },
    "hn":{
        "nome":"1688"
    },
    "zf":{
        "nome":"OnTaxi"
    },
    "gi":{
        "nome":"Hotline"
    },
    "uc":{
        "nome":"Tatneft"
    },
    "mn":{
        "nome":"RRSA"
    },
    "ak":{
        "nome":"Douyu"
    },
    "cp":{
        "nome":"Uklon"
    },
    "qo":{
        "nome":"Moneylion"
    },
    "wx":{
        "nome":"Apple"
    },
    "et":{
        "nome":"Clubhouse"
    },
    "px":{
        "nome":"Nifty"
    },
    "jh":{
        "nome":"PingPong"
    },
    "lb":{
        "nome":"Mailru Group"
    },
    "md":{
        "nome":"Банки"
    },
    "lt":{
        "nome":"BitClout"
    },
    "sk":{
        "nome":"Skroutz"
    },
    "oh":{
        "nome":"MapleSEA"
    },
    "vp":{
        "nome":"Kwai"
    },
    "pd":{
        "nome":"iFood"
    },
    "zw":{
        "nome":"Quack"
    },
	"pers_abasteceai":{
		"nome":"Abastece Aí",
		"pais":73
	},
	"pers_dotz":{
		"nome":"Dotz",
		"pais":73
	},
	"pers_shell":{
		"nome":"Shell Box",
		"pais":73
	},
    "pers_bs2":{
        "nome":"BS2",
        "pais":73
    }
}
