<?xml version="1.0" encoding="UTF-8" ?>
<vk>
<nome>vk.com</nome>
</vk>
<ok>
<nome>ok.ru</nome>
</ok>
<wa>
<nome>Whatsapp</nome>
</wa>
<vi>
<nome>Viber</nome>
</vi>
<tg>
<nome>Telegram</nome>
</tg>
<wb>
<nome>WeChat</nome>
</wb>
<go>
<nome>Google</nome>
</go>
<av>
<nome>avito</nome>
</av>
<fb>
<nome>Facebook</nome>
</fb>
<tw>
<nome>Twitter</nome>
</tw>
<ot>
<nome>Outros</nome>
</ot>
<ub>
<nome>Uber</nome>
</ub>
<gt>
<nome>Gett</nome>
</gt>
<sn>
<nome>OLX</nome>
</sn>
<ig>
<nome>Instagram</nome>
</ig>
<ss>
<nome>hezzl</nome>
</ss>
<ym>
<nome>youla.ru</nome>
</ym>
<ma>
<nome>Mail.ru</nome>
</ma>
<mm>
<nome>Microsoft</nome>
</mm>
<uk>
<nome>Airbnb</nome>
</uk>
<me>
<nome>Line Chat</nome>
</me>
<mb>
<nome>Yahoo</nome>
</mb>
<we>
<nome>DrugVokrug</nome>
</we>
<bd>
<nome>5ka.ru</nome>
</bd>
<kp>
<nome>HQ Trivia</nome>
</kp>
<dt>
<nome>Delivery Club</nome>
</dt>
<ya>
<nome>Yandex</nome>
</ya>
<mt>
<nome>Steam</nome>
</mt>
<oi>
<nome>Tinder</nome>
</oi>
<fd>
<nome>Mamba</nome>
</fd>
<zz>
<nome>DENT</nome>
</zz>
<kt>
<nome>KakaoTalk</nome>
</kt>
<pm>
<nome>AOL</nome>
</pm>
<tn>
<nome>LinkedIN</nome>
</tn>
<qq>
<nome>Tencent QQ</nome>
</qq>
<mg>
<nome>Magnit</nome>
</mg>
<pf>
<nome>pof.com</nome>
</pf>
<yl>
<nome>Yalla</nome>
</yl>
<kl>
<nome>kolesa.kz</nome>
</kl>
<po>
<nome>premium.one</nome>
</po>
<nv>
<nome>Naver</nome>
</nv>
<nf>
<nome>Netflix</nome>
</nf>
<iq>
<nome>ICQ</nome>
</iq>
<ob>
<nome>Onlinerby</nome>
</ob>
<kb>
<nome>kufarby</nome>
</kb>
<im>
<nome>Imo</nome>
</im>
<mc>
<nome>Michat</nome>
</mc>
<ds>
<nome>Discord</nome>
</ds>
<vv>
<nome>Seosprint</nome>
</vv>
<ji>
<nome>Monobank</nome>
</ji>
<lf>
<nome>TikTok</nome>
</lf>
<hu>
<nome>Ukrnet</nome>
</hu>
<wg>
<nome>Skout</nome>
</wg>
<rz>
<nome>EasyPay</nome>
</rz>
<vf>
<nome>Q12 Trivia</nome>
</vf>
<ny>
<nome>Pyro Music</nome>
</ny>
<rr>
<nome>Wolt</nome>
</rr>
<fe>
<nome>CliQQ</nome>
</fe>
<la>
<nome>ssoidnet</nome>
</la>
<zh>
<nome>Zoho</nome>
</zh>
<gp>
<nome>Ticketmaster</nome>
</gp>
<am>
<nome>Amazon</nome>
</am>
<ly>
<nome>Olacabs</nome>
</ly>
<tc>
<nome>Rambler</nome>
</tc>
<dp>
<nome>ProtonMail</nome>
</dp>
<pg>
<nome>NRJ Music Awards</nome>
</pg>
<yf>
<nome>Citymobil</nome>
</yf>
<op>
<nome>MIRATORG</nome>
</op>
<fx>
<nome>PGbonus</nome>
</fx>
<qr>
<nome>MEGA</nome>
</qr>
<yk>
<nome>СпортМастер</nome>
</yk>
<ls>
<nome>Careem</nome>
</ls>
<bl>
<nome>BIGO LIVE</nome>
</bl>
<mu>
<nome>MyMusicTaste</nome>
</mu>
<fu>
<nome>Snapchat</nome>
</fu>
<bf>
<nome>Keybase </nome>
</bf>
<sg>
<nome>OZON</nome>
</sg>
<uu>
<nome>Wildberries</nome>
</uu>
<ua>
<nome>BlaBlaCar</nome>
</ua>
<ab>
<nome>Alibaba</nome>
</ab>
<iv>
<nome>Inboxlv</nome>
</iv>
<zy>
<nome>Nttgame</nome>
</zy>
<gd>
<nome>Surveytime</nome>
</gd>
<fy>
<nome>Mylove</nome>
</fy>
<ce>
<nome>mosru</nome>
</ce>
<tl>
<nome>Truecaller</nome>
</tl>
<hm>
<nome>Globus</nome>
</hm>
<tx>
<nome>Bolt</nome>
</tx>
<ka>
<nome>Shopee</nome>
</ka>
<pl>
<nome>Перекресток</nome>
</pl>
<ip>
<nome>Burger King</nome>
</ip>
<cm>
<nome>Prom</nome>
</cm>
<hw>
<nome>AliPay</nome>
</hw>
<de>
<nome>Karusel</nome>
</de>
<jc>
<nome>IVI</nome>
</jc>
<rl>
<nome>inDriver</nome>
</rl>
<df>
<nome>Happn</nome>
</df>
<ui>
<nome>RuTube</nome>
</ui>
<up>
<nome>Magnolia</nome>
</up>
<nz>
<nome>Foodpanda</nome>
</nz>
<kf>
<nome>Weibo</nome>
</kf>
<ri>
<nome>BillMill</nome>
</ri>
<cc>
<nome>Quipp</nome>
</cc>
<lr>
<nome>Okta</nome>
</lr>
<za>
<nome>JDcom</nome>
</za>
<da>
<nome>MTS CashBack</nome>
</da>
<ug>
<nome>Fiqsy</nome>
</ug>
<sq>
<nome>KuCoinPlay</nome>
</sq>
<zr>
<nome>Papara</nome>
</zr>
<xv>
<nome>Wish</nome>
</xv>
<cx>
<nome>Icrypex</nome>
</cx>
<cw>
<nome>PaddyPower</nome>
</cw>
<li>
<nome>Baidu</nome>
</li>
<dz>
<nome>Dominos Pizza</nome>
</dz>
<xz>
<nome>paycell</nome>
</xz>
<rd>
<nome>Lenta</nome>
</rd>
<qb>
<nome>Payberry</nome>
</qb>
<hz>
<nome>Drom</nome>
</hz>
<gl>
<nome>GlobalTel</nome>
</gl>
<zk>
<nome>Deliveroo</nome>
</zk>
<ia>
<nome>Socios</nome>
</ia>
<xl>
<nome>Wmaraci</nome>
</xl>
<yi>
<nome>Yemeksepeti</nome>
</yi>
<ew>
<nome>Nike</nome>
</ew>
<ae>
<nome>myGLO</nome>
</ae>
<gb>
<nome>YouStar</nome>
</gb>
<cy>
<nome>РСА</nome>
</cy>
<qm>
<nome>RosaKhutor</nome>
</qm>
<dh>
<nome>eBay</nome>
</dh>
<yb>
<nome>Система Город</nome>
</yb>
<qe>
<nome>GG</nome>
</qe>
<yw>
<nome>Grindr</nome>
</yw>
<uz>
<nome>OffGamers</nome>
</uz>
<gx>
<nome>Hepsiburadacom</nome>
</gx>
<re>
<nome>Coinbase</nome>
</re>
<tj>
<nome>dbrUA</nome>
</tj>
<ts>
<nome>PayPal</nome>
</ts>
<rt>
<nome>hily</nome>
</rt>
<sf>
<nome>SneakersnStuff</nome>
</sf>
<sv>
<nome>Dostavista</nome>
</sv>
<qi>
<nome>32red</nome>
</qi>
<bz>
<nome>Blizzard</nome>
</bz>
<db>
<nome>ezbuy</nome>
</db>
<vw>
<nome>CoinField</nome>
</vw>
<zl>
<nome>Airtel</nome>
</zl>
<wf>
<nome>YandexGo</nome>
</wf>
<lw>
<nome>MrGreen</nome>
</lw>
<co>
<nome>Rediffmail</nome>
</co>
<ey>
<nome>miloan</nome>
</ey>
<ge>
<nome>Paytm</nome>
</ge>
<os>
<nome>Dhani</nome>
</os>
<ql>
<nome>CMTcuzdan</nome>
</ql>
<cq>
<nome>Mercado</nome>
</cq>
<xk>
<nome>DiDi</nome>
</xk>
<py>
<nome>Monese</nome>
</py>
<rv>
<nome>Kotak811</nome>
</rv>
<jl>
<nome>Hopi</nome>
</jl>
<pr>
<nome>Trendyol</nome>
</pr>
<pu>
<nome>Justdating</nome>
</pu>
<dk>
<nome>Pairs</nome>
</dk>
<fm>
<nome>Touchance</nome>
</fm>
<ph>
<nome>SnappFood</nome>
</ph>
<sw>
<nome>NCsoft</nome>
</sw>
<nr>
<nome>Tosla</nome>
</nr>
<hy>
<nome>Ininal</nome>
</hy>
<tr>
<nome>Paysend</nome>
</tr>
<pq>
<nome>CDkeys</nome>
</pq>
<ff>
<nome>AVON</nome>
</ff>
<sd>
<nome>dodopizza</nome>
</sd>
<ry>
<nome>McDonalds</nome>
</ry>
<le>
<nome>E bike Gewinnspiel</nome>
</le>
<hr>
<nome>JKF</nome>
</hr>
<qa>
<nome>MyFishka</nome>
</qa>
<wc>
<nome>Craigslist</nome>
</wc>
<kw>
<nome>Foody</nome>
</kw>
<jg>
<nome>Grab</nome>
</jg>
<mj>
<nome>Zalo</nome>
</mj>
<eu>
<nome>LiveScore</nome>
</eu>
<ll>
<nome>888casino</nome>
</ll>
<ed>
<nome>Gamer</nome>
</ed>
<pp>
<nome>Huya</nome>
</pp>
<th>
<nome>WestStein</nome>
</th>
<xr>
<nome>Tango</nome>
</xr>
<iz>
<nome>Global24</nome>
</iz>
<tk>
<nome>МВидео</nome>
</tk>
<rx>
<nome>Sheerid</nome>
</rx>
<ki>
<nome>99App</nome>
</ki>
<my>
<nome>CAIXA</nome>
</my>
<zm>
<nome>OfferUp</nome>
</zm>
<tq>
<nome>Swvl</nome>
</tq>
<au>
<nome>Haraj</nome>
</au>
<ei>
<nome>Taksheel</nome>
</ei>
<rp>
<nome>hamrahaval</nome>
</rp>
<pa>
<nome>Gamekit</nome>
</pa>
<fs>
<nome>Şikayet var</nome>
</fs>
<ul>
<nome>Getir</nome>
</ul>
<cf>
<nome>irancell</nome>
</cf>
<bt>
<nome>Alfa</nome>
</bt>
<ud>
<nome>Disney Hotstar</nome>
</ud>
<qu>
<nome>Agroinform</nome>
</qu>
<un>
<nome>humblebundle</nome>
</un>
<rm>
<nome>Faberlic</nome>
</rm>
<uo>
<nome>CafeBazaar</nome>
</uo>
<ti>
<nome>cryptocom</nome>
</ti>
<nk>
<nome>Gittigidiyor</nome>
</nk>
<jm>
<nome>mzadqatar</nome>
</jm>
<lp>
<nome>Algida</nome>
</lp>
<si>
<nome>Cita Previa</nome>
</si>
<fj>
<nome>Potato Chat</nome>
</fj>
<pt>
<nome>Bitaqaty</nome>
</pt>
<qc>
<nome>Праймериз 2020</nome>
</qc>
<yo>
<nome>Amasia</nome>
</yo>
<ve>
<nome>Dream11</nome>
</ve>
<qh>
<nome>Oriflame</nome>
</qh>
<iu>
<nome>Bykea</nome>
</iu>
<ib>
<nome>Immowelt</nome>
</ib>
<zv>
<nome>Digikala</nome>
</zv>
<jb>
<nome>Wing Money</nome>
</jb>
<vn>
<nome>Yaay</nome>
</vn>
<wn>
<nome>GameArena</nome>
</wn>
<bj>
<nome>Вита экспресс</nome>
</bj>
<st>
<nome>Auchan</nome>
</st>
<ev>
<nome>PicPay </nome>
</ev>
<qn>
<nome>Blued </nome>
</qn>
<cd>
<nome>SpotHit</nome>
</cd>
<vo>
<nome>Brand20ua</nome>
</vo>
<il>
<nome>IQOS</nome>
</il>
<dx>
<nome>Powerkredite</nome>
</dx>
<el>
<nome>Bisu</nome>
</el>
<dn>
<nome>Paxful</nome>
</dn>
<lk>
<nome>PurePlatfrom</nome>
</lk>
<vc>
<nome>banQi</nome>
</vc>
<wj>
<nome>1хbet</nome>
</wj>
<wk>
<nome>Mobile01</nome>
</wk>
<jj>
<nome>Aitu</nome>
</jj>
<an>
<nome>Adidas</nome>
</an>
<jr>
<nome>Самокат</nome>
</jr>
<nb>
<nome>Верный</nome>
</nb>
<gv>
<nome>Humta</nome>
</gv>
<dw>
<nome>Divar</nome>
</dw>
<gj>
<nome>Carousell</nome>
</gj>
<hc>
<nome>MOMO</nome>
</hc>
<uf>
<nome>Eneba</nome>
</uf>
<kn>
<nome>Verse</nome>
</kn>
<qd>
<nome>Taobao</nome>
</qd>
<hn>
<nome>1688</nome>
</hn>
<zf>
<nome>OnTaxi</nome>
</zf>
<gi>
<nome>Hotline</nome>
</gi>
<uc>
<nome>Tatneft</nome>
</uc>
<mn>
<nome>RRSA</nome>
</mn>
<ak>
<nome>Douyu</nome>
</ak>
<cp>
<nome>Uklon</nome>
</cp>
<qo>
<nome>Moneylion</nome>
</qo>
<wx>
<nome>Apple</nome>
</wx>
<et>
<nome>Clubhouse</nome>
</et>
<px>
<nome>Nifty</nome>
</px>
<jh>
<nome>PingPong</nome>
</jh>
<lb>
<nome>Mailru Group</nome>
</lb>
<md>
<nome>Банки</nome>
</md>
<lt>
<nome>BitClout</nome>
</lt>
<sk>
<nome>Skroutz</nome>
</sk>
<oh>
<nome>MapleSEA</nome>
</oh>
<vp>
<nome>Kwai</nome>
</vp>
<pd>
<nome>iFood</nome>
</pd>
<zw>
<nome>Quack</nome>
</zw>
<pers_abasteceai>
<nome>Abastece Aí</nome>
<pais>73</pais>
</pers_abasteceai>
<pers_dotz>
<nome>Dotz</nome>
<pais>73</pais>
</pers_dotz>
<pers_shell>
<nome>Shell Box</nome>
<pais>73</pais>
</pers_shell>
<pers_bs2>
<nome>BS2</nome>
<pais>73</pais>
</pers_bs2>
