{
    "786595": {
        "order": 786595,
        "date": "10\/08\/2023",
        "hour": "00:45:49",
        "result": {
            "user_id": 5498248090,
            "quantity": "50",
            "product_id": "8",
            "amount": 0.07479999999999999,
            "service": "\ud83d\uded1Seguidores do Instagram | HQ | R\u00e1pido | Barato | Velocidade: 10K \/ dia | MAX 10K \u26d4",
            "category": "\ud83d\uded1Seguidores do Instagram mais baratos mundiais\ud83d\uded1"
        }
    },
    "786627": {
        "order": 786627,
        "date": "10\/08\/2023",
        "hour": "01:46:33",
        "result": {
            "user_id": 5498248090,
            "quantity": "1000",
            "product_id": "8",
            "amount": 2.4480000000000004,
            "service": "\ud83d\uded1Seguidores do Instagram | HQ | R\u00e1pido | Barato | Velocidade: 10K \/ dia | MAX 10K \u26d4",
            "category": "\ud83d\uded1Seguidores do Instagram mais baratos mundiais\ud83d\uded1"
        }
    },
    "786661": {
        "order": 786661,
        "date": "10\/08\/2023",
        "hour": "03:21:21",
        "result": {
            "user_id": 5498248090,
            "quantity": "50",
            "product_id": "8",
            "amount": 0.12240000000000002,
            "service": "\ud83d\uded1Seguidores do Instagram | HQ | R\u00e1pido | Barato | Velocidade: 10K \/ dia | MAX 10K \u26d4",
            "category": "\ud83d\uded1Seguidores do Instagram mais baratos mundiais\ud83d\uded1"
        }
    },
    "786666": {
        "order": 786666,
        "date": "10\/08\/2023",
        "hour": "03:34:16",
        "result": {
            "user_id": 5495329050,
            "quantity": "1000",
            "product_id": "175",
            "amount": 2.7,
            "service": "11 - \ud83d\udd25Instagram Seguidores [Barato]",
            "category": "\ud83d\udc49\u2705Seguidores Do Instagram CHEGA R\u00c1PIDO Testado Por Mim\u2705\ud83d\udc48"
        }
    }
}