[
    {
        "id": 61748146189,
        "amount": "10",
        "user": 1670075094,
        "message_id": null,
        "user_message_id": 5609,
        "status": "expired"
    },
    {
        "id": 61978006234,
        "amount": "1",
        "user": 5498248090,
        "message_id": 113,
        "user_message_id": 112,
        "status": "expired"
    },
    {
        "id": 61978019680,
        "amount": "0.10",
        "user": 5498248090,
        "message_id": 115,
        "user_message_id": 114,
        "status": "expired"
    },
    {
        "id": 61978007888,
        "amount": "0.10",
        "user": 5498248090,
        "message_id": 116,
        "user_message_id": 114,
        "status": "expired"
    },
    {
        "id": 61855935963,
        "amount": "0.10",
        "user": 5498248090,
        "message_id": 117,
        "user_message_id": 114,
        "status": "expired"
    },
    {
        "id": 61978214112,
        "amount": "0.10",
        "user": 5498248090,
        "message_id": 137,
        "user_message_id": 136,
        "status": "approved"
    },
    {
        "id": 61856282701,
        "amount": "0.10",
        "user": 5498248090,
        "message_id": 154,
        "user_message_id": 153,
        "status": "expired"
    },
    {
        "id": 61978747024,
        "amount": "0.10",
        "user": 5498248090,
        "message_id": 162,
        "user_message_id": 161,
        "status": "expired"
    },
    {
        "id": 61857383367,
        "amount": "1",
        "user": 6337118268,
        "message_id": 231,
        "user_message_id": 230,
        "status": "expired"
    },
    {
        "id": 61857493557,
        "amount": "1.39",
        "user": 5495329050,
        "message_id": 267,
        "user_message_id": 266,
        "status": "approved"
    },
    {
        "id": 61857559361,
        "amount": "1.39",
        "user": 5495329050,
        "message_id": 281,
        "user_message_id": 280,
        "status": "approved"
    },
    {
        "id": 61867285265,
        "amount": "0.10",
        "user": 5498248090,
        "message_id": 348,
        "user_message_id": 347,
        "status": "approved"
    }
]